-- phpMyAdmin SQL Dump
-- version 5.2.0
-- https://www.phpmyadmin.net/
--
-- Host: localhost:3306
-- Generation Time: Jun 22, 2026 at 09:08 PM
-- Server version: 8.0.30
-- PHP Version: 8.1.10

SET SQL_MODE = "NO_AUTO_VALUE_ON_ZERO";
START TRANSACTION;
SET time_zone = "+00:00";

--
-- Database: `absensi_qr`
--
CREATE DATABASE IF NOT EXISTS `absensi_qr` DEFAULT CHARACTER SET utf8mb4 COLLATE utf8mb4_0900_ai_ci;
USE `absensi_qr`;

-- --------------------------------------------------------

--
-- Table structure for table `admins`
--

DROP TABLE IF EXISTS `admins`;
CREATE TABLE IF NOT EXISTS `admins` (
  `id` int NOT NULL AUTO_INCREMENT,
  `username` varchar(50) NOT NULL,
  `password` varchar(255) NOT NULL,
  `nama_lengkap` varchar(100) NOT NULL,
  `role` enum('super_admin','admin') DEFAULT 'admin',
  `is_active` tinyint(1) DEFAULT '1',
  `last_login` timestamp NULL DEFAULT NULL,
  `last_ip` varchar(45) DEFAULT NULL,
  `created_at` timestamp NULL DEFAULT CURRENT_TIMESTAMP,
  PRIMARY KEY (`id`),
  UNIQUE KEY `username` (`username`)
) ENGINE=InnoDB AUTO_INCREMENT=3 DEFAULT CHARSET=utf8mb4 COLLATE=utf8mb4_0900_ai_ci;

--
-- Dumping data for table `admins`
--

INSERT INTO `admins` (`id`, `username`, `password`, `nama_lengkap`, `role`, `is_active`, `last_login`, `last_ip`, `created_at`) VALUES
(1, 'admin', '$2y$10$Om1XTi64Idj3rSET.iOjZO0hOVWTvaCK3GPWYOzJfBxKMugylW5Wa', 'Administrator Unaki Insight', 'admin', 1, '2026-06-22 19:07:16', '::1', '2026-05-29 05:30:30'),
(2, 'learn', '$2y$10$myNL6L7ZJd/aywyMYXJcwu8y1D0Ms4TolH0D6oqw9KjXX7Bqxc6rG', 'Administrator', 'admin', 1, '2026-06-22 21:06:51', '::1', '2026-06-22 21:06:30');

-- --------------------------------------------------------

--
-- Table structure for table `email_logs`
--

DROP TABLE IF EXISTS `email_logs`;
CREATE TABLE IF NOT EXISTS `email_logs` (
  `id` int NOT NULL AUTO_INCREMENT,
  `user_id` int NOT NULL,
  `jenis_email` varchar(50) COLLATE utf8mb4_general_ci NOT NULL,
  `status` enum('Berhasil','Gagal') COLLATE utf8mb4_general_ci NOT NULL,
  `pesan_log` text COLLATE utf8mb4_general_ci NOT NULL,
  `waktu_kirim` timestamp NOT NULL DEFAULT CURRENT_TIMESTAMP,
  PRIMARY KEY (`id`)
) ENGINE=InnoDB AUTO_INCREMENT=3 DEFAULT CHARSET=utf8mb4 COLLATE=utf8mb4_general_ci;

--
-- Dumping data for table `email_logs`
--

INSERT INTO `email_logs` (`id`, `user_id`, `jenis_email`, `status`, `pesan_log`, `waktu_kirim`) VALUES
(1, 522, 'QR Code', 'Gagal', 'Konfigurasi SMTP/B2 belum lengkap', '2026-06-22 20:45:12'),
(2, 522, 'Sertifikat', 'Gagal', 'Konfigurasi SMTP/B2 belum lengkap', '2026-06-22 20:48:35');

-- --------------------------------------------------------

--
-- Table structure for table `kehadiran_user`
--

DROP TABLE IF EXISTS `kehadiran_user`;
CREATE TABLE IF NOT EXISTS `kehadiran_user` (
  `id` int NOT NULL AUTO_INCREMENT,
  `user_id` int NOT NULL,
  `waktu_kehadiran` timestamp NOT NULL DEFAULT CURRENT_TIMESTAMP ON UPDATE CURRENT_TIMESTAMP,
  PRIMARY KEY (`id`)
) ENGINE=InnoDB AUTO_INCREMENT=1449 DEFAULT CHARSET=utf8mb4 COLLATE=utf8mb4_general_ci;

--
-- Dumping data for table `kehadiran_user`
--

INSERT INTO `kehadiran_user` (`id`, `user_id`, `waktu_kehadiran`) VALUES
(2, 171, '2025-09-05 23:57:17'),
(3, 195, '2025-09-05 23:57:19'),
(4, 162, '2025-09-05 23:57:24'),
(5, 157, '2025-09-05 23:57:29'),
(6, 184, '2025-09-05 23:57:32'),
(7, 187, '2025-09-05 23:57:34'),
(8, 198, '2025-09-05 23:57:39'),
(9, 291, '2025-09-05 23:57:39'),
(10, 156, '2025-09-05 23:57:39'),
(11, 283, '2025-09-05 23:57:42'),
(12, 169, '2025-09-05 23:57:46'),
(13, 317, '2025-09-05 23:57:49'),
(14, 197, '2025-09-05 23:57:49'),
(15, 168, '2025-09-05 23:57:50'),
(16, 286, '2025-09-05 23:57:55'),
(17, 194, '2025-09-05 23:57:55'),
(18, 170, '2025-09-05 23:57:56'),
(19, 201, '2025-09-05 23:58:00'),
(20, 149, '2025-09-05 23:58:04'),
(21, 152, '2025-09-05 23:58:04'),
(22, 270, '2025-09-05 23:58:09'),
(23, 174, '2025-09-05 23:58:09'),
(24, 503, '2025-09-05 23:58:11'),
(25, 178, '2025-09-05 23:58:14'),
(26, 323, '2025-09-05 23:58:16'),
(27, 172, '2025-09-05 23:58:18'),
(28, 175, '2025-09-05 23:58:23'),
(29, 164, '2025-09-05 23:58:24'),
(30, 193, '2025-09-05 23:58:29'),
(31, 173, '2025-09-05 23:58:33'),
(32, 300, '2025-09-05 23:58:38'),
(33, 154, '2025-09-05 23:58:40'),
(34, 151, '2025-09-05 23:58:40'),
(35, 199, '2025-09-05 23:58:46'),
(36, 153, '2025-09-05 23:58:46'),
(37, 274, '2025-09-05 23:58:47'),
(38, 163, '2025-09-05 23:58:51'),
(39, 177, '2025-09-05 23:58:53'),
(40, 16, '2025-09-05 23:58:54'),
(41, 310, '2025-09-05 23:58:54'),
(42, 165, '2025-09-05 23:58:56'),
(43, 155, '2025-09-05 23:58:59'),
(44, 322, '2025-09-05 23:59:00'),
(45, 18, '2025-09-05 23:59:01'),
(46, 200, '2025-09-05 23:59:03'),
(47, 1, '2025-09-05 23:59:03'),
(48, 181, '2025-09-05 23:59:05'),
(49, 290, '2025-09-05 23:59:06'),
(50, 13, '2025-09-05 23:59:08'),
(51, 147, '2025-09-05 23:59:08'),
(52, 12, '2025-09-05 23:59:10'),
(53, 502, '2025-09-05 23:59:11'),
(54, 329, '2025-09-05 23:59:14'),
(55, 189, '2025-09-05 23:59:15'),
(56, 148, '2025-09-05 23:59:17'),
(57, 3, '2025-09-05 23:59:19'),
(58, 185, '2025-09-05 23:59:20'),
(59, 281, '2025-09-05 23:59:21'),
(60, 8, '2025-09-05 23:59:21'),
(61, 141, '2025-09-05 23:59:23'),
(62, 139, '2025-09-05 23:59:26'),
(63, 293, '2025-09-05 23:59:27'),
(64, 2, '2025-09-05 23:59:29'),
(65, 192, '2025-09-05 23:59:32'),
(66, 306, '2025-09-05 23:59:32'),
(67, 142, '2025-09-05 23:59:34'),
(68, 223, '2025-09-05 23:59:36'),
(69, 326, '2025-09-05 23:59:37'),
(70, 7, '2025-09-05 23:59:39'),
(71, 237, '2025-09-05 23:59:44'),
(72, 412, '2025-09-05 23:59:46'),
(73, 304, '2025-09-05 23:59:46'),
(74, 308, '2025-09-05 23:59:48'),
(75, 244, '2025-09-05 23:59:50'),
(76, 328, '2025-09-05 23:59:51'),
(77, 269, '2025-09-05 23:59:56'),
(78, 243, '2025-09-05 23:59:56'),
(79, 515, '2025-09-05 23:59:57'),
(80, 319, '2025-09-05 23:59:58'),
(81, 239, '2025-09-06 00:00:02'),
(82, 312, '2025-09-06 00:00:04'),
(83, 221, '2025-09-06 00:00:05'),
(84, 234, '2025-09-06 00:00:09'),
(85, 176, '2025-09-06 00:00:10'),
(86, 196, '2025-09-06 00:00:16'),
(87, 264, '2025-09-06 00:00:16'),
(88, 218, '2025-09-06 00:00:21'),
(89, 235, '2025-09-06 00:00:22'),
(90, 505, '2025-09-06 00:00:27'),
(91, 385, '2025-09-06 00:00:29'),
(92, 397, '2025-09-06 00:00:30'),
(93, 220, '2025-09-06 00:00:31'),
(94, 222, '2025-09-06 00:00:36'),
(95, 380, '2025-09-06 00:00:37'),
(96, 384, '2025-09-06 00:00:37'),
(97, 498, '2025-09-06 00:00:42'),
(98, 394, '2025-09-06 00:00:42'),
(99, 301, '2025-09-06 00:00:43'),
(100, 275, '2025-09-06 00:00:43'),
(101, 393, '2025-09-06 00:00:45'),
(102, 279, '2025-09-06 00:00:49'),
(103, 506, '2025-09-06 00:00:51'),
(104, 391, '2025-09-06 00:00:51'),
(105, 273, '2025-09-06 00:00:52'),
(106, 372, '2025-09-06 00:00:56'),
(107, 379, '2025-09-06 00:00:56'),
(108, 272, '2025-09-06 00:00:58'),
(109, 374, '2025-09-06 00:01:01'),
(110, 398, '2025-09-06 00:01:02'),
(111, 282, '2025-09-06 00:01:05'),
(112, 390, '2025-09-06 00:01:06'),
(113, 375, '2025-09-06 00:01:12'),
(114, 309, '2025-09-06 00:01:13'),
(115, 409, '2025-09-06 00:01:16'),
(116, 295, '2025-09-06 00:01:20'),
(117, 321, '2025-09-06 00:01:22'),
(118, 215, '2025-09-06 00:01:23'),
(119, 381, '2025-09-06 00:01:24'),
(120, 405, '2025-09-06 00:01:28'),
(121, 318, '2025-09-06 00:01:29'),
(122, 311, '2025-09-06 00:01:29'),
(123, 369, '2025-09-06 00:01:30'),
(124, 209, '2025-09-06 00:01:32'),
(125, 373, '2025-09-06 00:01:32'),
(126, 276, '2025-09-06 00:01:34'),
(127, 213, '2025-09-06 00:01:34'),
(128, 365, '2025-09-06 00:01:35'),
(129, 314, '2025-09-06 00:01:36'),
(130, 377, '2025-09-06 00:01:37'),
(131, 210, '2025-09-06 00:01:40'),
(132, 366, '2025-09-06 00:01:41'),
(133, 257, '2025-09-06 00:01:42'),
(134, 331, '2025-09-06 00:01:43'),
(135, 378, '2025-09-06 00:01:43'),
(136, 297, '2025-09-06 00:01:44'),
(137, 367, '2025-09-06 00:01:46'),
(138, 268, '2025-09-06 00:01:47'),
(139, 296, '2025-09-06 00:01:49'),
(140, 408, '2025-09-06 00:01:49'),
(141, 292, '2025-09-06 00:01:50'),
(142, 259, '2025-09-06 00:01:51'),
(143, 368, '2025-09-06 00:01:51'),
(144, 386, '2025-09-06 00:01:52'),
(145, 263, '2025-09-06 00:01:54'),
(146, 396, '2025-09-06 00:01:56'),
(147, 341, '2025-09-06 00:01:56'),
(148, 404, '2025-09-06 00:02:00'),
(149, 261, '2025-09-06 00:02:00'),
(150, 414, '2025-09-06 00:02:01'),
(151, 351, '2025-09-06 00:02:01'),
(152, 494, '2025-09-06 00:02:02'),
(153, 354, '2025-09-06 00:02:03'),
(154, 262, '2025-09-06 00:02:24'),
(155, 346, '2025-09-06 00:02:29'),
(156, 245, '2025-09-06 00:02:29'),
(157, 499, '2025-09-06 00:02:36'),
(158, 238, '2025-09-06 00:02:43'),
(159, 265, '2025-09-06 00:02:47'),
(160, 495, '2025-09-06 00:02:51'),
(161, 231, '2025-09-06 00:02:59'),
(162, 204, '2025-09-06 00:03:02'),
(163, 186, '2025-09-06 00:03:08'),
(164, 206, '2025-09-06 00:03:11'),
(165, 339, '2025-09-06 00:03:11'),
(166, 224, '2025-09-06 00:03:16'),
(167, 496, '2025-09-06 00:03:17'),
(168, 511, '2025-09-06 00:03:23'),
(169, 278, '2025-09-06 00:03:25'),
(170, 340, '2025-09-06 00:03:32'),
(171, 203, '2025-09-06 00:03:33'),
(172, 188, '2025-09-06 00:04:04'),
(173, 277, '2025-09-06 00:04:13'),
(174, 6, '2025-09-06 00:04:43'),
(175, 350, '2025-09-06 00:05:09'),
(176, 280, '2025-09-06 00:05:16'),
(177, 332, '2025-09-06 00:05:29'),
(178, 289, '2025-09-06 00:05:35'),
(179, 298, '2025-09-06 00:05:39'),
(180, 402, '2025-09-06 00:05:43'),
(181, 387, '2025-09-06 00:05:54'),
(182, 399, '2025-09-06 00:06:01'),
(183, 287, '2025-09-06 00:06:04'),
(184, 363, '2025-09-06 00:06:07'),
(185, 514, '2025-09-06 00:06:07'),
(186, 179, '2025-09-06 00:06:18'),
(187, 507, '2025-09-06 00:06:21'),
(188, 258, '2025-09-06 00:06:24'),
(189, 388, '2025-09-06 00:06:26'),
(190, 227, '2025-09-06 00:06:31'),
(191, 160, '2025-09-06 00:06:34'),
(192, 5, '2025-09-06 00:07:01'),
(193, 357, '2025-09-06 00:07:08'),
(194, 344, '2025-09-06 00:07:35'),
(195, 334, '2025-09-06 00:07:46'),
(196, 158, '2025-09-06 00:08:00'),
(197, 294, '2025-09-06 00:08:04'),
(198, 407, '2025-09-06 00:08:14'),
(199, 15, '2025-09-06 00:08:27'),
(200, 241, '2025-09-06 00:08:58'),
(201, 212, '2025-09-06 00:09:19'),
(202, 504, '2025-09-06 00:09:23'),
(203, 240, '2025-09-06 00:09:31'),
(204, 313, '2025-09-06 00:11:52'),
(205, 10, '2025-09-06 00:11:53'),
(206, 320, '2025-09-06 00:11:59'),
(207, 144, '2025-09-06 00:12:04'),
(208, 11, '2025-09-06 00:12:23'),
(209, 260, '2025-09-06 00:12:42'),
(210, 150, '2025-09-06 00:12:49'),
(211, 348, '2025-09-06 00:12:49'),
(212, 510, '2025-09-06 00:12:53'),
(213, 166, '2025-09-06 00:12:55'),
(214, 271, '2025-09-06 00:13:31'),
(215, 355, '2025-09-06 00:13:35'),
(216, 299, '2025-09-06 00:13:43'),
(217, 191, '2025-09-06 00:13:45'),
(218, 4, '2025-09-06 00:15:38'),
(219, 167, '2025-09-06 00:15:48'),
(220, 403, '2025-09-06 00:16:01'),
(221, 20, '2025-09-06 00:16:06'),
(222, 159, '2025-09-06 00:16:51'),
(223, 353, '2025-09-06 00:17:59'),
(224, 307, '2025-09-06 00:18:20'),
(225, 256, '2025-09-06 00:18:41'),
(226, 9, '2025-09-06 00:19:02'),
(227, 267, '2025-09-06 00:23:59'),
(228, 325, '2025-09-06 00:24:05'),
(229, 333, '2025-09-06 00:24:08'),
(230, 324, '2025-09-06 00:24:19'),
(231, 417, '2025-09-06 00:24:42'),
(232, 415, '2025-09-06 00:27:53'),
(233, 376, '2025-09-06 00:28:47'),
(234, 392, '2025-09-06 00:28:52'),
(235, 359, '2025-09-06 00:29:52'),
(236, 190, '2025-09-06 00:31:24'),
(237, 383, '2025-09-06 00:31:42'),
(238, 140, '2025-09-06 00:32:29'),
(239, 146, '2025-09-06 00:32:34'),
(240, 225, '2025-09-06 00:37:57'),
(241, 182, '2025-09-06 00:38:28'),
(242, 17, '2025-09-06 00:44:33'),
(243, 516, '2025-09-06 00:48:40'),
(244, 305, '2025-09-06 00:51:58'),
(245, 338, '2025-09-06 00:54:05'),
(246, 347, '2025-09-06 00:54:07'),
(247, 360, '2025-09-06 00:56:34'),
(248, 180, '2025-09-06 00:57:06'),
(249, 509, '2025-09-06 00:59:37'),
(250, 337, '2025-09-06 01:01:41'),
(251, 513, '2025-09-06 01:36:57'),
(255, 508, '2025-09-06 08:26:48'),
(256, 515, '2025-09-06 08:40:20'),
(257, 350, '2025-09-06 08:40:40'),
(258, 357, '2025-09-06 08:40:47'),
(259, 412, '2025-09-06 08:40:51'),
(260, 234, '2025-09-06 08:40:52'),
(261, 388, '2025-09-06 08:40:54'),
(262, 21, '2025-09-06 08:40:56'),
(263, 396, '2025-09-06 08:40:59'),
(264, 20, '2025-09-06 08:41:02'),
(265, 10, '2025-09-06 08:41:05'),
(266, 415, '2025-09-06 08:41:06'),
(267, 13, '2025-09-06 08:41:10'),
(268, 9, '2025-09-06 08:41:10'),
(269, 4, '2025-09-06 08:41:15'),
(270, 3, '2025-09-06 08:41:16'),
(271, 11, '2025-09-06 08:41:19'),
(272, 180, '2025-09-06 08:41:20'),
(273, 2, '2025-09-06 08:41:23'),
(274, 516, '2025-09-06 08:41:24'),
(275, 6, '2025-09-06 08:41:28'),
(276, 1, '2025-09-06 08:41:30'),
(277, 509, '2025-09-06 08:41:33'),
(278, 192, '2025-09-06 08:41:34'),
(279, 290, '2025-09-06 08:41:35'),
(280, 7, '2025-09-06 08:41:37'),
(281, 291, '2025-09-06 08:41:39'),
(282, 12, '2025-09-06 08:41:39'),
(283, 359, '2025-09-06 08:41:42'),
(284, 16, '2025-09-06 08:41:43'),
(285, 5, '2025-09-06 08:41:44'),
(286, 348, '2025-09-06 08:41:46'),
(287, 513, '2025-09-06 08:41:47'),
(288, 307, '2025-09-06 08:41:47'),
(289, 310, '2025-09-06 08:41:48'),
(290, 410, '2025-09-06 08:41:48'),
(291, 17, '2025-09-06 08:41:50'),
(292, 8, '2025-09-06 08:41:50'),
(293, 283, '2025-09-06 08:41:51'),
(294, 349, '2025-09-06 08:41:52'),
(295, 337, '2025-09-06 08:41:54'),
(296, 399, '2025-09-06 08:41:55'),
(297, 190, '2025-09-06 08:41:56'),
(298, 18, '2025-09-06 08:41:56'),
(299, 329, '2025-09-06 08:41:57'),
(300, 319, '2025-09-06 08:42:00'),
(301, 510, '2025-09-06 08:42:00'),
(302, 15, '2025-09-06 08:42:02'),
(303, 292, '2025-09-06 08:42:04'),
(304, 159, '2025-09-06 08:42:05'),
(305, 409, '2025-09-06 08:42:08'),
(306, 298, '2025-09-06 08:42:10'),
(307, 150, '2025-09-06 08:42:11'),
(308, 322, '2025-09-06 08:42:12'),
(309, 279, '2025-09-06 08:42:14'),
(310, 166, '2025-09-06 08:42:19'),
(311, 286, '2025-09-06 08:42:20'),
(312, 514, '2025-09-06 08:42:23'),
(313, 315, '2025-09-06 08:42:27'),
(314, 146, '2025-09-06 08:42:27'),
(315, 158, '2025-09-06 08:42:29'),
(316, 407, '2025-09-06 08:42:32'),
(317, 332, '2025-09-06 08:42:32'),
(318, 140, '2025-09-06 08:42:33'),
(319, 393, '2025-09-06 08:42:36'),
(320, 313, '2025-09-06 08:42:38'),
(321, 289, '2025-09-06 08:42:39'),
(322, 391, '2025-09-06 08:42:40'),
(323, 293, '2025-09-06 08:42:44'),
(324, 390, '2025-09-06 08:42:45'),
(325, 511, '2025-09-06 08:42:45'),
(326, 347, '2025-09-06 08:42:49'),
(327, 323, '2025-09-06 08:42:49'),
(328, 506, '2025-09-06 08:42:49'),
(329, 341, '2025-09-06 08:42:51'),
(330, 380, '2025-09-06 08:42:53'),
(331, 178, '2025-09-06 08:42:54'),
(332, 317, '2025-09-06 08:42:54'),
(333, 294, '2025-09-06 08:42:54'),
(334, 494, '2025-09-06 08:42:56'),
(335, 376, '2025-09-06 08:42:57'),
(336, 174, '2025-09-06 08:43:00'),
(337, 507, '2025-09-06 08:43:00'),
(338, 339, '2025-09-06 08:43:00'),
(339, 346, '2025-09-06 08:43:01'),
(340, 243, '2025-09-06 08:43:04'),
(341, 351, '2025-09-06 08:43:06'),
(342, 392, '2025-09-06 08:43:06'),
(343, 340, '2025-09-06 08:43:07'),
(344, 333, '2025-09-06 08:43:07'),
(345, 167, '2025-09-06 08:43:09'),
(346, 413, '2025-09-06 08:43:10'),
(347, 275, '2025-09-06 08:43:12'),
(348, 272, '2025-09-06 08:43:12'),
(349, 198, '2025-09-06 08:43:13'),
(350, 163, '2025-09-06 08:43:13'),
(351, 256, '2025-09-06 08:43:14'),
(352, 397, '2025-09-06 08:43:14'),
(353, 271, '2025-09-06 08:43:17'),
(354, 305, '2025-09-06 08:43:18'),
(355, 384, '2025-09-06 08:43:18'),
(356, 267, '2025-09-06 08:43:18'),
(357, 495, '2025-09-06 08:43:19'),
(358, 354, '2025-09-06 08:43:20'),
(359, 394, '2025-09-06 08:43:21'),
(360, 328, '2025-09-06 08:43:22'),
(361, 270, '2025-09-06 08:43:23'),
(362, 233, '2025-09-06 08:43:24'),
(363, 378, '2025-09-06 08:43:26'),
(364, 186, '2025-09-06 08:43:26'),
(365, 277, '2025-09-06 08:43:27'),
(366, 203, '2025-09-06 08:43:28'),
(367, 153, '2025-09-06 08:43:31'),
(368, 314, '2025-09-06 08:43:31'),
(369, 258, '2025-09-06 08:43:33'),
(370, 372, '2025-09-06 08:43:35'),
(371, 200, '2025-09-06 08:43:35'),
(372, 334, '2025-09-06 08:43:36'),
(373, 177, '2025-09-06 08:43:38'),
(374, 311, '2025-09-06 08:43:38'),
(375, 274, '2025-09-06 08:43:42'),
(376, 263, '2025-09-06 08:43:42'),
(377, 400, '2025-09-06 08:43:42'),
(378, 179, '2025-09-06 08:43:43'),
(379, 360, '2025-09-06 08:43:43'),
(380, 301, '2025-09-06 08:43:46'),
(381, 240, '2025-09-06 08:43:46'),
(382, 273, '2025-09-06 08:43:46'),
(383, 398, '2025-09-06 08:43:49'),
(384, 276, '2025-09-06 08:43:49'),
(385, 331, '2025-09-06 08:43:50'),
(386, 260, '2025-09-06 08:43:51'),
(387, 176, '2025-09-06 08:43:52'),
(388, 377, '2025-09-06 08:43:53'),
(389, 385, '2025-09-06 08:43:57'),
(390, 204, '2025-09-06 08:43:58'),
(391, 181, '2025-09-06 08:44:03'),
(392, 403, '2025-09-06 08:44:04'),
(393, 165, '2025-09-06 08:44:05'),
(394, 364, '2025-09-06 08:44:07'),
(395, 417, '2025-09-06 08:44:07'),
(396, 278, '2025-09-06 08:44:09'),
(397, 338, '2025-09-06 08:44:10'),
(398, 401, '2025-09-06 08:44:13'),
(399, 379, '2025-09-06 08:44:25'),
(400, 169, '2025-09-06 08:44:28'),
(401, 326, '2025-09-06 08:44:28'),
(402, 244, '2025-09-06 08:44:28'),
(403, 369, '2025-09-06 08:44:28'),
(404, 373, '2025-09-06 08:44:32'),
(405, 300, '2025-09-06 08:44:33'),
(406, 381, '2025-09-06 08:44:36'),
(407, 309, '2025-09-06 08:44:40'),
(408, 414, '2025-09-06 08:44:41'),
(409, 321, '2025-09-06 08:44:44'),
(410, 408, '2025-09-06 08:44:45'),
(411, 324, '2025-09-06 08:44:47'),
(412, 404, '2025-09-06 08:44:49'),
(413, 280, '2025-09-06 08:44:49'),
(414, 237, '2025-09-06 08:44:50'),
(415, 185, '2025-09-06 08:44:54'),
(416, 368, '2025-09-06 08:44:55'),
(417, 405, '2025-09-06 08:44:55'),
(418, 383, '2025-09-06 08:44:59'),
(419, 374, '2025-09-06 08:44:59'),
(420, 235, '2025-09-06 08:44:59'),
(421, 296, '2025-09-06 08:45:03'),
(422, 367, '2025-09-06 08:45:03'),
(423, 188, '2025-09-06 08:45:04'),
(424, 269, '2025-09-06 08:45:05'),
(425, 365, '2025-09-06 08:45:07'),
(426, 497, '2025-09-06 08:45:09'),
(427, 196, '2025-09-06 08:45:11'),
(428, 197, '2025-09-06 08:45:14'),
(429, 281, '2025-09-06 08:45:15'),
(430, 262, '2025-09-06 08:45:19'),
(431, 282, '2025-09-06 08:45:19'),
(432, 182, '2025-09-06 08:45:22'),
(433, 168, '2025-09-06 08:45:23'),
(434, 239, '2025-09-06 08:45:23'),
(435, 501, '2025-09-06 08:45:25'),
(436, 312, '2025-09-06 08:45:26'),
(437, 325, '2025-09-06 08:45:27'),
(438, 141, '2025-09-06 08:45:31'),
(439, 154, '2025-09-06 08:45:32'),
(440, 231, '2025-09-06 08:45:36'),
(441, 386, '2025-09-06 08:45:36'),
(442, 287, '2025-09-06 08:45:36'),
(443, 375, '2025-09-06 08:45:41'),
(444, 212, '2025-09-06 08:45:44'),
(445, 318, '2025-09-06 08:45:48'),
(446, 504, '2025-09-06 08:45:50'),
(447, 227, '2025-09-06 08:45:52'),
(448, 172, '2025-09-06 08:45:55'),
(449, 191, '2025-09-06 08:46:00'),
(450, 268, '2025-09-06 08:46:04'),
(451, 155, '2025-09-06 08:46:08'),
(452, 344, '2025-09-06 08:46:11'),
(453, 149, '2025-09-06 08:46:12'),
(454, 221, '2025-09-06 08:46:12'),
(455, 353, '2025-09-06 08:46:15'),
(456, 304, '2025-09-06 08:46:20'),
(457, 144, '2025-09-06 08:46:23'),
(458, 297, '2025-09-06 08:46:25'),
(459, 164, '2025-09-06 08:46:26'),
(460, 257, '2025-09-06 08:46:26'),
(461, 156, '2025-09-06 08:46:30'),
(462, 363, '2025-09-06 08:46:30'),
(463, 295, '2025-09-06 08:46:32'),
(464, 224, '2025-09-06 08:46:32'),
(465, 171, '2025-09-06 08:46:34'),
(466, 142, '2025-09-06 08:46:36'),
(467, 157, '2025-09-06 08:46:39'),
(468, 496, '2025-09-06 08:46:39'),
(469, 308, '2025-09-06 08:46:41'),
(470, 193, '2025-09-06 08:46:41'),
(471, 170, '2025-09-06 08:46:46'),
(472, 152, '2025-09-06 08:46:49'),
(473, 194, '2025-09-06 08:46:49'),
(474, 175, '2025-09-06 08:46:53'),
(475, 366, '2025-09-06 08:46:54'),
(476, 245, '2025-09-06 08:46:57'),
(477, 261, '2025-09-06 08:47:02'),
(478, 498, '2025-09-06 08:47:04'),
(479, 209, '2025-09-06 08:47:06'),
(480, 265, '2025-09-06 08:47:10'),
(481, 259, '2025-09-06 08:47:18'),
(482, 187, '2025-09-06 08:47:25'),
(483, 148, '2025-09-06 08:47:29'),
(484, 225, '2025-09-06 08:47:38'),
(485, 162, '2025-09-06 08:47:54'),
(486, 195, '2025-09-06 08:47:56'),
(487, 503, '2025-09-06 08:48:04'),
(488, 320, '2025-09-06 08:48:13'),
(489, 189, '2025-09-06 08:48:32'),
(490, 147, '2025-09-06 08:48:38'),
(491, 238, '2025-09-06 08:48:43'),
(492, 502, '2025-09-06 08:48:44'),
(493, 241, '2025-09-06 08:48:48'),
(494, 213, '2025-09-06 08:48:48'),
(495, 139, '2025-09-06 08:48:52'),
(496, 223, '2025-09-06 08:48:55'),
(497, 210, '2025-09-06 08:48:57'),
(498, 184, '2025-09-06 08:49:06'),
(499, 299, '2025-09-06 08:49:26'),
(500, 220, '2025-09-06 08:49:27'),
(501, 402, '2025-09-06 08:49:34'),
(502, 199, '2025-09-06 08:49:54'),
(503, 173, '2025-09-06 08:49:55'),
(504, 218, '2025-09-06 08:50:20'),
(505, 499, '2025-09-06 08:50:26'),
(506, 505, '2025-09-06 08:50:31'),
(507, 201, '2025-09-06 08:50:36'),
(508, 151, '2025-09-06 08:51:19'),
(509, 264, '2025-09-06 08:51:47'),
(510, 215, '2025-09-06 08:52:05'),
(511, 306, '2025-09-06 08:52:21'),
(512, 160, '2025-09-06 08:54:39'),
(513, 222, '2025-09-06 09:04:09'),
(514, 500, '2025-09-06 00:00:00'),
(515, 500, '2025-09-06 09:00:00'),
(516, 234, '2025-09-07 23:51:25'),
(517, 222, '2025-09-08 00:31:59'),
(518, 220, '2025-09-08 00:32:00'),
(519, 209, '2025-09-08 00:32:05'),
(520, 496, '2025-09-08 00:32:06'),
(521, 501, '2025-09-08 00:32:11'),
(522, 213, '2025-09-08 00:32:14'),
(523, 204, '2025-09-08 00:32:18'),
(524, 206, '2025-09-08 00:32:21'),
(525, 218, '2025-09-08 00:32:25'),
(526, 505, '2025-09-08 00:32:27'),
(527, 210, '2025-09-08 00:32:31'),
(528, 215, '2025-09-08 00:32:34'),
(529, 221, '2025-09-08 00:32:40'),
(530, 205, '2025-09-08 00:32:47'),
(531, 498, '2025-09-08 00:32:56'),
(532, 520, '2025-09-08 00:33:01'),
(533, 267, '2025-09-08 00:33:03'),
(534, 237, '2025-09-08 00:33:09'),
(535, 244, '2025-09-08 00:33:12'),
(536, 504, '2025-09-08 00:33:18'),
(537, 259, '2025-09-08 00:33:19'),
(538, 212, '2025-09-08 00:33:24'),
(539, 189, '2025-09-08 00:33:31'),
(540, 238, '2025-09-08 00:33:31'),
(541, 149, '2025-09-08 00:33:35'),
(542, 265, '2025-09-08 00:33:38'),
(543, 172, '2025-09-08 00:33:41'),
(544, 502, '2025-09-08 00:33:45'),
(545, 241, '2025-09-08 00:33:51'),
(546, 147, '2025-09-08 00:33:52'),
(547, 240, '2025-09-08 00:33:57'),
(548, 239, '2025-09-08 00:33:58'),
(549, 261, '2025-09-08 00:34:02'),
(550, 235, '2025-09-08 00:34:10'),
(551, 262, '2025-09-08 00:34:20'),
(552, 245, '2025-09-08 00:34:27'),
(553, 227, '2025-09-08 00:34:34'),
(554, 224, '2025-09-08 00:34:47'),
(555, 268, '2025-09-08 00:34:53'),
(556, 223, '2025-09-08 00:34:59'),
(557, 497, '2025-09-08 00:35:04'),
(558, 257, '2025-09-08 00:35:05'),
(559, 225, '2025-09-08 00:35:11'),
(560, 182, '2025-09-08 00:35:20'),
(561, 243, '2025-09-08 00:35:25'),
(562, 263, '2025-09-08 00:35:28'),
(563, 402, '2025-09-08 00:35:33'),
(564, 260, '2025-09-08 00:35:34'),
(565, 233, '2025-09-08 00:35:39'),
(566, 499, '2025-09-08 00:35:40'),
(567, 269, '2025-09-08 00:35:45'),
(568, 256, '2025-09-08 00:35:49'),
(569, 264, '2025-09-08 00:35:50'),
(570, 160, '2025-09-08 00:35:57'),
(571, 231, '2025-09-08 00:35:57'),
(572, 186, '2025-09-08 00:36:03'),
(573, 170, '2025-09-08 00:36:09'),
(574, 148, '2025-09-08 00:36:11'),
(575, 157, '2025-09-08 00:36:14'),
(576, 171, '2025-09-08 00:36:18'),
(577, 156, '2025-09-08 00:36:24'),
(578, 175, '2025-09-08 00:36:26'),
(579, 185, '2025-09-08 00:36:29'),
(580, 164, '2025-09-08 00:36:31'),
(581, 152, '2025-09-08 00:36:34'),
(582, 197, '2025-09-08 00:36:37'),
(583, 495, '2025-09-08 00:36:41'),
(584, 169, '2025-09-08 00:36:47'),
(585, 195, '2025-09-08 00:36:54'),
(586, 167, '2025-09-08 00:36:58'),
(587, 188, '2025-09-08 00:37:01'),
(588, 168, '2025-09-08 00:37:03'),
(589, 139, '2025-09-08 00:37:06'),
(590, 165, '2025-09-08 00:37:07'),
(591, 159, '2025-09-08 00:37:13'),
(592, 142, '2025-09-08 00:37:16'),
(593, 146, '2025-09-08 00:37:18'),
(594, 187, '2025-09-08 00:37:31'),
(595, 184, '2025-09-08 00:37:33'),
(596, 193, '2025-09-08 00:37:36'),
(597, 503, '2025-09-08 00:37:41'),
(598, 141, '2025-09-08 00:37:42'),
(599, 144, '2025-09-08 00:37:48'),
(600, 198, '2025-09-08 00:37:52'),
(601, 200, '2025-09-08 00:37:52'),
(602, 162, '2025-09-08 00:37:58'),
(603, 163, '2025-09-08 00:37:58'),
(604, 181, '2025-09-08 00:38:02'),
(605, 194, '2025-09-08 00:38:04'),
(606, 178, '2025-09-08 00:38:11'),
(607, 176, '2025-09-08 00:38:16'),
(608, 258, '2025-09-08 00:38:21'),
(609, 203, '2025-09-08 00:38:23'),
(610, 201, '2025-09-08 00:38:28'),
(611, 196, '2025-09-08 00:38:39'),
(612, 153, '2025-09-08 00:38:46'),
(613, 191, '2025-09-08 00:38:52'),
(614, 199, '2025-09-08 00:38:55'),
(615, 154, '2025-09-08 00:39:04'),
(616, 158, '2025-09-08 00:39:09'),
(617, 150, '2025-09-08 00:39:10'),
(618, 174, '2025-09-08 00:39:15'),
(619, 155, '2025-09-08 00:39:15'),
(620, 166, '2025-09-08 00:39:21'),
(621, 173, '2025-09-08 00:39:26'),
(622, 177, '2025-09-08 00:39:27'),
(623, 190, '2025-09-08 00:39:36'),
(624, 140, '2025-09-08 00:39:37'),
(625, 334, '2025-09-08 00:41:40'),
(626, 300, '2025-09-08 00:41:41'),
(627, 281, '2025-09-08 00:41:45'),
(628, 286, '2025-09-08 00:41:46'),
(629, 272, '2025-09-08 00:41:50'),
(630, 278, '2025-09-08 00:41:51'),
(631, 323, '2025-09-08 00:41:54'),
(632, 282, '2025-09-08 00:41:56'),
(633, 331, '2025-09-08 00:42:01'),
(634, 273, '2025-09-08 00:42:01'),
(635, 293, '2025-09-08 00:42:06'),
(636, 307, '2025-09-08 00:42:07'),
(637, 306, '2025-09-08 00:42:11'),
(638, 289, '2025-09-08 00:42:12'),
(639, 275, '2025-09-08 00:42:16'),
(640, 328, '2025-09-08 00:42:22'),
(641, 274, '2025-09-08 00:42:44'),
(642, 311, '2025-09-08 00:42:46'),
(643, 270, '2025-09-08 00:42:49'),
(644, 292, '2025-09-08 00:42:55'),
(645, 312, '2025-09-08 00:42:56'),
(646, 304, '2025-09-08 00:43:02'),
(647, 315, '2025-09-08 00:43:04'),
(648, 333, '2025-09-08 00:43:07'),
(649, 296, '2025-09-08 00:43:08'),
(650, 310, '2025-09-08 00:43:14'),
(651, 295, '2025-09-08 00:43:14'),
(652, 297, '2025-09-08 00:43:17'),
(653, 319, '2025-09-08 00:43:20'),
(654, 320, '2025-09-08 00:43:21'),
(655, 313, '2025-09-08 00:43:27'),
(656, 324, '2025-09-08 00:43:30'),
(657, 325, '2025-09-08 00:43:41'),
(658, 329, '2025-09-08 00:43:46'),
(659, 321, '2025-09-08 00:43:48'),
(660, 283, '2025-09-08 00:43:51'),
(661, 322, '2025-09-08 00:43:55'),
(662, 290, '2025-09-08 00:44:00'),
(663, 287, '2025-09-08 00:44:01'),
(664, 291, '2025-09-08 00:44:05'),
(665, 301, '2025-09-08 00:44:06'),
(666, 326, '2025-09-08 00:44:10'),
(667, 277, '2025-09-08 00:44:13'),
(668, 317, '2025-09-08 00:44:14'),
(669, 314, '2025-09-08 00:44:18'),
(670, 309, '2025-09-08 00:44:19'),
(671, 308, '2025-09-08 00:44:23'),
(672, 332, '2025-09-08 00:44:24'),
(673, 294, '2025-09-08 00:44:28'),
(674, 276, '2025-09-08 00:44:30'),
(675, 299, '2025-09-08 00:45:19'),
(676, 372, '2025-09-08 00:45:34'),
(677, 414, '2025-09-08 00:45:43'),
(678, 392, '2025-09-08 00:45:50'),
(679, 407, '2025-09-08 00:45:51'),
(680, 405, '2025-09-08 00:45:59'),
(681, 376, '2025-09-08 00:46:01'),
(682, 403, '2025-09-08 00:46:05'),
(683, 396, '2025-09-08 00:46:05'),
(684, 368, '2025-09-08 00:46:09'),
(685, 409, '2025-09-08 00:46:10'),
(686, 367, '2025-09-08 00:46:13'),
(687, 408, '2025-09-08 00:46:16'),
(688, 397, '2025-09-08 00:46:18'),
(689, 378, '2025-09-08 00:46:21'),
(690, 398, '2025-09-08 00:46:23'),
(691, 366, '2025-09-08 00:46:47'),
(692, 375, '2025-09-08 00:46:48'),
(693, 391, '2025-09-08 00:46:52'),
(694, 365, '2025-09-08 00:46:52'),
(695, 404, '2025-09-08 00:46:59'),
(696, 394, '2025-09-08 00:47:02'),
(697, 387, '2025-09-08 00:47:05'),
(698, 374, '2025-09-08 00:47:07'),
(699, 379, '2025-09-08 00:47:10'),
(700, 380, '2025-09-08 00:47:13'),
(701, 373, '2025-09-08 00:47:15'),
(702, 384, '2025-09-08 00:47:18'),
(703, 393, '2025-09-08 00:47:21'),
(704, 507, '2025-09-08 00:47:25'),
(705, 415, '2025-09-08 00:47:27'),
(706, 381, '2025-09-08 00:47:32'),
(707, 385, '2025-09-08 00:47:36'),
(708, 377, '2025-09-08 00:47:39'),
(709, 383, '2025-09-08 00:47:42'),
(710, 369, '2025-09-08 00:47:44'),
(711, 410, '2025-09-08 00:47:47'),
(712, 506, '2025-09-08 00:47:49'),
(713, 11, '2025-09-08 00:49:16'),
(714, 9, '2025-09-08 00:49:17'),
(715, 4, '2025-09-08 00:49:21'),
(716, 6, '2025-09-08 00:49:22'),
(717, 7, '2025-09-08 00:49:26'),
(718, 1, '2025-09-08 00:49:27'),
(719, 17, '2025-09-08 00:49:32'),
(720, 18, '2025-09-08 00:49:32'),
(721, 13, '2025-09-08 00:49:37'),
(722, 20, '2025-09-08 00:49:38'),
(723, 10, '2025-09-08 00:49:42'),
(724, 192, '2025-09-08 00:49:45'),
(725, 12, '2025-09-08 00:49:48'),
(726, 400, '2025-09-08 00:58:43'),
(727, 399, '2025-09-08 01:04:25'),
(728, 16, '2025-09-08 01:04:34'),
(729, 3, '2025-09-08 01:04:35'),
(730, 15, '2025-09-08 01:04:39'),
(731, 412, '2025-09-08 01:04:40'),
(732, 305, '2025-09-08 01:04:42'),
(733, 2, '2025-09-08 01:04:43'),
(734, 5, '2025-09-08 01:04:46'),
(735, 519, '2025-09-08 01:04:49'),
(736, 271, '2025-09-08 01:04:50'),
(737, 318, '2025-09-08 01:04:58'),
(738, 180, '2025-09-08 01:04:59'),
(739, 279, '2025-09-08 01:05:04'),
(740, 298, '2025-09-08 01:05:07'),
(741, 330, '2025-09-08 01:05:08'),
(742, 364, '2025-09-08 01:05:13'),
(743, 280, '2025-09-08 01:05:15'),
(744, 8, '2025-09-08 01:05:20'),
(745, 390, '2025-09-08 01:05:23'),
(746, 401, '2025-09-08 01:05:27'),
(747, 388, '2025-09-08 01:05:27'),
(748, 413, '2025-09-08 01:05:28'),
(749, 363, '2025-09-08 02:43:57'),
(750, 294, '2025-09-08 08:43:53'),
(751, 244, '2025-09-08 08:44:10'),
(752, 283, '2025-09-08 08:44:19'),
(753, 329, '2025-09-08 08:44:23'),
(754, 390, '2025-09-08 08:44:24'),
(755, 231, '2025-09-08 08:44:28'),
(756, 375, '2025-09-08 08:44:44'),
(757, 258, '2025-09-08 08:44:53'),
(758, 256, '2025-09-08 08:44:53'),
(759, 271, '2025-09-08 08:44:58'),
(760, 287, '2025-09-08 08:45:05'),
(761, 204, '2025-09-08 08:45:08'),
(762, 206, '2025-09-08 08:45:12'),
(763, 503, '2025-09-08 08:45:16'),
(764, 180, '2025-09-08 08:45:31'),
(765, 163, '2025-09-08 08:45:32'),
(766, 499, '2025-09-08 08:45:34'),
(767, 203, '2025-09-08 08:45:36'),
(768, 199, '2025-09-08 08:45:39'),
(769, 184, '2025-09-08 08:45:40'),
(770, 233, '2025-09-08 08:45:45'),
(771, 181, '2025-09-08 08:45:46'),
(772, 272, '2025-09-08 08:45:59'),
(773, 169, '2025-09-08 08:46:20'),
(774, 148, '2025-09-08 08:46:23'),
(775, 262, '2025-09-08 08:46:30'),
(776, 152, '2025-09-08 08:46:33'),
(777, 225, '2025-09-08 08:46:34'),
(778, 286, '2025-09-08 08:46:44'),
(779, 188, '2025-09-08 08:46:47'),
(780, 245, '2025-09-08 08:46:51'),
(781, 376, '2025-09-08 08:46:57'),
(782, 363, '2025-09-08 08:46:58'),
(783, 186, '2025-09-08 08:47:10'),
(784, 261, '2025-09-08 08:47:11'),
(785, 140, '2025-09-08 08:47:13'),
(786, 322, '2025-09-08 08:47:14'),
(787, 234, '2025-09-08 08:47:18'),
(788, 195, '2025-09-08 08:47:27'),
(789, 298, '2025-09-08 08:47:28'),
(790, 200, '2025-09-08 08:47:37'),
(791, 315, '2025-09-08 08:47:37'),
(792, 146, '2025-09-08 08:47:41'),
(793, 364, '2025-09-08 08:47:41'),
(794, 141, '2025-09-08 08:47:42'),
(795, 151, '2025-09-08 08:47:42'),
(796, 374, '2025-09-08 08:47:45'),
(797, 153, '2025-09-08 08:47:46'),
(798, 519, '2025-09-08 08:47:49'),
(799, 205, '2025-09-08 08:47:53'),
(800, 380, '2025-09-08 08:47:57'),
(801, 299, '2025-09-08 08:47:58'),
(802, 144, '2025-09-08 08:48:02'),
(803, 178, '2025-09-08 08:48:03'),
(804, 300, '2025-09-08 08:48:04'),
(805, 224, '2025-09-08 08:48:06'),
(806, 157, '2025-09-08 08:48:07'),
(807, 278, '2025-09-08 08:48:08'),
(808, 409, '2025-09-08 08:48:11'),
(809, 227, '2025-09-08 08:48:12'),
(810, 139, '2025-09-08 08:48:13'),
(811, 223, '2025-09-08 08:48:19'),
(812, 319, '2025-09-08 08:48:19'),
(813, 310, '2025-09-08 08:48:21'),
(814, 507, '2025-09-08 08:48:23'),
(815, 215, '2025-09-08 08:48:28'),
(816, 392, '2025-09-08 08:48:32'),
(817, 410, '2025-09-08 08:48:40'),
(818, 495, '2025-09-08 08:48:44'),
(819, 412, '2025-09-08 08:48:46'),
(820, 20, '2025-09-08 08:48:51'),
(821, 400, '2025-09-08 08:48:55'),
(822, 12, '2025-09-08 08:48:55'),
(823, 325, '2025-09-08 08:48:59'),
(824, 189, '2025-09-08 08:48:59'),
(825, 3, '2025-09-08 08:48:59'),
(826, 324, '2025-09-08 08:49:03'),
(827, 5, '2025-09-08 08:49:04'),
(828, 333, '2025-09-08 08:49:06'),
(829, 10, '2025-09-08 08:49:09'),
(830, 402, '2025-09-08 08:49:09'),
(831, 502, '2025-09-08 08:49:10'),
(832, 381, '2025-09-08 08:49:12'),
(833, 377, '2025-09-08 08:49:13'),
(834, 2, '2025-09-08 08:49:13'),
(835, 147, '2025-09-08 08:49:17'),
(836, 6, '2025-09-08 08:49:17'),
(837, 305, '2025-09-08 08:49:18'),
(838, 367, '2025-09-08 08:49:21'),
(839, 501, '2025-09-08 08:49:22'),
(840, 196, '2025-09-08 08:49:23'),
(841, 406, '2025-09-08 08:49:23'),
(842, 318, '2025-09-08 08:49:25'),
(843, 368, '2025-09-08 08:49:25'),
(844, 265, '2025-09-08 08:49:27'),
(845, 193, '2025-09-08 08:49:29'),
(846, 384, '2025-09-08 08:49:29'),
(847, 366, '2025-09-08 08:49:29'),
(848, 393, '2025-09-08 08:49:31'),
(849, 192, '2025-09-08 08:49:32'),
(850, 156, '2025-09-08 08:49:33'),
(851, 165, '2025-09-08 08:49:33'),
(852, 391, '2025-09-08 08:49:34'),
(853, 9, '2025-09-08 08:49:36'),
(854, 292, '2025-09-08 08:49:37'),
(855, 295, '2025-09-08 08:49:40'),
(856, 365, '2025-09-08 08:49:41'),
(857, 171, '2025-09-08 08:49:41'),
(858, 277, '2025-09-08 08:49:43'),
(859, 415, '2025-09-08 08:49:44'),
(860, 307, '2025-09-08 08:49:45'),
(861, 190, '2025-09-08 08:49:46'),
(862, 321, '2025-09-08 08:49:46'),
(863, 221, '2025-09-08 08:49:48'),
(864, 397, '2025-09-08 08:49:51'),
(865, 11, '2025-09-08 08:49:53'),
(866, 264, '2025-09-08 08:49:54'),
(867, 297, '2025-09-08 08:49:55'),
(868, 332, '2025-09-08 08:49:55'),
(869, 4, '2025-09-08 08:49:57'),
(870, 296, '2025-09-08 08:49:59'),
(871, 291, '2025-09-08 08:50:00'),
(872, 1, '2025-09-08 08:50:00'),
(873, 301, '2025-09-08 08:50:01'),
(874, 328, '2025-09-08 08:50:05'),
(875, 13, '2025-09-08 08:50:05'),
(876, 323, '2025-09-08 08:50:06'),
(877, 18, '2025-09-08 08:50:06'),
(878, 383, '2025-09-08 08:50:08'),
(879, 281, '2025-09-08 08:50:09'),
(880, 7, '2025-09-08 08:50:10'),
(881, 16, '2025-09-08 08:50:10'),
(882, 280, '2025-09-08 08:50:13'),
(883, 15, '2025-09-08 08:50:16'),
(884, 290, '2025-09-08 08:50:17'),
(885, 155, '2025-09-08 08:50:18'),
(886, 197, '2025-09-08 08:50:18'),
(887, 317, '2025-09-08 08:50:19'),
(888, 407, '2025-09-08 08:50:19'),
(889, 8, '2025-09-08 08:50:20'),
(890, 334, '2025-09-08 08:50:21'),
(891, 398, '2025-09-08 08:50:21'),
(892, 222, '2025-09-08 08:50:24'),
(893, 160, '2025-09-08 08:50:24'),
(894, 404, '2025-09-08 08:50:26'),
(895, 239, '2025-09-08 08:50:27'),
(896, 413, '2025-09-08 08:50:29'),
(897, 182, '2025-09-08 08:50:31'),
(898, 408, '2025-09-08 08:50:31'),
(899, 209, '2025-09-08 08:50:32'),
(900, 289, '2025-09-08 08:50:34'),
(901, 164, '2025-09-08 08:50:37'),
(902, 293, '2025-09-08 08:50:38'),
(903, 162, '2025-09-08 08:50:39'),
(904, 279, '2025-09-08 08:50:42'),
(905, 194, '2025-09-08 08:50:43'),
(906, 167, '2025-09-08 08:50:44'),
(907, 142, '2025-09-08 08:50:44'),
(908, 403, '2025-09-08 08:50:45'),
(909, 312, '2025-09-08 08:50:46'),
(910, 237, '2025-09-08 08:50:47'),
(911, 263, '2025-09-08 08:50:49'),
(912, 243, '2025-09-08 08:50:52'),
(913, 309, '2025-09-08 08:50:54'),
(914, 401, '2025-09-08 08:50:56'),
(915, 505, '2025-09-08 08:50:58'),
(916, 187, '2025-09-08 08:50:58'),
(917, 154, '2025-09-08 08:50:59'),
(918, 320, '2025-09-08 08:50:59'),
(919, 17, '2025-09-08 08:50:59'),
(920, 172, '2025-09-08 08:51:01'),
(921, 218, '2025-09-08 08:51:02'),
(922, 268, '2025-09-08 08:51:02'),
(923, 388, '2025-09-08 08:51:03'),
(924, 313, '2025-09-08 08:51:05'),
(925, 149, '2025-09-08 08:51:06'),
(926, 158, '2025-09-08 08:51:10'),
(927, 220, '2025-09-08 08:51:11'),
(928, 175, '2025-09-08 08:51:14'),
(929, 238, '2025-09-08 08:51:15'),
(930, 308, '2025-09-08 08:51:19'),
(931, 304, '2025-09-08 08:51:21'),
(932, 201, '2025-09-08 08:51:21'),
(933, 311, '2025-09-08 08:51:24'),
(934, 399, '2025-09-08 08:51:26'),
(935, 369, '2025-09-08 08:51:26'),
(936, 331, '2025-09-08 08:51:30'),
(937, 185, '2025-09-08 08:51:34'),
(938, 373, '2025-09-08 08:51:34'),
(939, 257, '2025-09-08 08:51:35'),
(940, 504, '2025-09-08 08:51:38'),
(941, 170, '2025-09-08 08:51:39'),
(942, 498, '2025-09-08 08:51:42'),
(943, 198, '2025-09-08 08:51:42'),
(944, 387, '2025-09-08 08:51:42'),
(945, 173, '2025-09-08 08:51:43'),
(946, 274, '2025-09-08 08:51:46'),
(947, 191, '2025-09-08 08:51:46'),
(948, 282, '2025-09-08 08:51:50'),
(949, 240, '2025-09-08 08:51:51'),
(950, 379, '2025-09-08 08:51:51'),
(951, 177, '2025-09-08 08:51:53'),
(952, 378, '2025-09-08 08:51:54'),
(953, 385, '2025-09-08 08:51:54'),
(954, 496, '2025-09-08 08:51:56'),
(955, 273, '2025-09-08 08:51:56'),
(956, 394, '2025-09-08 08:51:57'),
(957, 267, '2025-09-08 08:52:01'),
(958, 213, '2025-09-08 08:52:01'),
(959, 270, '2025-09-08 08:52:02'),
(960, 276, '2025-09-08 08:52:02'),
(961, 168, '2025-09-08 08:52:05'),
(962, 372, '2025-09-08 08:52:06'),
(963, 260, '2025-09-08 08:52:09'),
(964, 506, '2025-09-08 08:52:10'),
(965, 166, '2025-09-08 08:52:11'),
(966, 259, '2025-09-08 08:52:13'),
(967, 414, '2025-09-08 08:52:14'),
(968, 159, '2025-09-08 08:52:15'),
(969, 150, '2025-09-08 08:52:18'),
(970, 314, '2025-09-08 08:52:20'),
(971, 210, '2025-09-08 08:52:22'),
(972, 330, '2025-09-08 08:52:24'),
(973, 269, '2025-09-08 08:52:26'),
(974, 396, '2025-09-08 08:52:30'),
(975, 497, '2025-09-08 08:52:31'),
(976, 241, '2025-09-08 08:52:32'),
(977, 306, '2025-09-08 08:52:35'),
(978, 235, '2025-09-08 08:52:35'),
(979, 212, '2025-09-08 08:52:36'),
(980, 520, '2025-09-08 08:52:55'),
(981, 176, '2025-09-08 08:53:33'),
(982, 179, '2025-09-08 08:54:08'),
(983, 220, '2025-09-09 00:31:49'),
(984, 496, '2025-09-09 00:31:58'),
(985, 209, '2025-09-09 00:32:03'),
(986, 204, '2025-09-09 00:32:04'),
(987, 222, '2025-09-09 00:32:08'),
(988, 206, '2025-09-09 00:32:08'),
(989, 213, '2025-09-09 00:32:10'),
(990, 501, '2025-09-09 00:32:13'),
(991, 505, '2025-09-09 00:32:18'),
(992, 520, '2025-09-09 00:32:19'),
(993, 218, '2025-09-09 00:32:22'),
(994, 498, '2025-09-09 00:32:22'),
(995, 221, '2025-09-09 00:32:26'),
(996, 256, '2025-09-09 00:32:29'),
(997, 210, '2025-09-09 00:32:30'),
(998, 263, '2025-09-09 00:32:32'),
(999, 212, '2025-09-09 00:32:57'),
(1000, 504, '2025-09-09 00:33:00'),
(1001, 146, '2025-09-09 00:33:05'),
(1002, 233, '2025-09-09 00:33:08'),
(1003, 205, '2025-09-09 00:33:09'),
(1004, 215, '2025-09-09 00:33:13'),
(1005, 262, '2025-09-09 00:33:16'),
(1006, 224, '2025-09-09 00:33:18'),
(1007, 245, '2025-09-09 00:33:24'),
(1008, 261, '2025-09-09 00:33:24'),
(1009, 238, '2025-09-09 00:33:25'),
(1010, 265, '2025-09-09 00:33:29'),
(1011, 182, '2025-09-09 00:33:35'),
(1012, 244, '2025-09-09 00:33:40'),
(1013, 227, '2025-09-09 00:33:44'),
(1014, 259, '2025-09-09 00:33:48'),
(1015, 235, '2025-09-09 00:33:49'),
(1016, 260, '2025-09-09 00:33:52'),
(1017, 240, '2025-09-09 00:33:57'),
(1018, 241, '2025-09-09 00:33:57'),
(1019, 257, '2025-09-09 00:34:00'),
(1020, 243, '2025-09-09 00:34:02'),
(1021, 267, '2025-09-09 00:34:03'),
(1022, 165, '2025-09-09 00:34:07'),
(1023, 169, '2025-09-09 00:34:09'),
(1024, 225, '2025-09-09 00:34:10'),
(1025, 147, '2025-09-09 00:34:15'),
(1026, 234, '2025-09-09 00:34:15'),
(1027, 170, '2025-09-09 00:34:15'),
(1028, 497, '2025-09-09 00:34:26'),
(1029, 223, '2025-09-09 00:34:28'),
(1030, 268, '2025-09-09 00:34:39'),
(1031, 269, '2025-09-09 00:34:44'),
(1032, 189, '2025-09-09 00:34:53'),
(1033, 239, '2025-09-09 00:34:58'),
(1034, 191, '2025-09-09 00:35:01'),
(1035, 167, '2025-09-09 00:35:03'),
(1036, 171, '2025-09-09 00:35:07'),
(1037, 180, '2025-09-09 00:35:12'),
(1038, 237, '2025-09-09 00:35:13'),
(1039, 156, '2025-09-09 00:35:15'),
(1040, 162, '2025-09-09 00:35:17'),
(1041, 194, '2025-09-09 00:35:21'),
(1042, 178, '2025-09-09 00:35:21'),
(1043, 140, '2025-09-09 00:35:56'),
(1044, 151, '2025-09-09 00:36:28'),
(1045, 190, '2025-09-09 00:36:32'),
(1046, 155, '2025-09-09 00:36:56'),
(1047, 258, '2025-09-09 00:36:57'),
(1048, 402, '2025-09-09 00:36:58'),
(1049, 159, '2025-09-09 00:37:00'),
(1050, 502, '2025-09-09 00:37:03'),
(1051, 264, '2025-09-09 00:37:07'),
(1052, 499, '2025-09-09 00:37:08'),
(1053, 203, '2025-09-09 00:37:08'),
(1054, 163, '2025-09-09 00:37:13'),
(1055, 174, '2025-09-09 00:37:14'),
(1056, 199, '2025-09-09 00:37:17'),
(1057, 166, '2025-09-09 00:37:18'),
(1058, 173, '2025-09-09 00:37:20'),
(1059, 150, '2025-09-09 00:37:25'),
(1060, 197, '2025-09-09 00:37:29'),
(1061, 177, '2025-09-09 00:37:32'),
(1062, 185, '2025-09-09 00:37:33'),
(1063, 187, '2025-09-09 00:37:37'),
(1064, 184, '2025-09-09 00:37:40'),
(1065, 195, '2025-09-09 00:37:42'),
(1066, 188, '2025-09-09 00:37:52'),
(1067, 181, '2025-09-09 00:37:57'),
(1068, 168, '2025-09-09 00:37:57'),
(1069, 141, '2025-09-09 00:37:58'),
(1070, 142, '2025-09-09 00:38:02'),
(1071, 144, '2025-09-09 00:38:03'),
(1072, 139, '2025-09-09 00:38:06'),
(1073, 503, '2025-09-09 00:38:08'),
(1074, 176, '2025-09-09 00:39:38'),
(1075, 179, '2025-09-09 00:39:40'),
(1076, 158, '2025-09-09 00:39:41'),
(1077, 148, '2025-09-09 00:39:42'),
(1078, 193, '2025-09-09 00:39:45'),
(1079, 160, '2025-09-09 00:39:48'),
(1080, 186, '2025-09-09 00:39:51'),
(1081, 231, '2025-09-09 00:40:06'),
(1082, 149, '2025-09-09 00:40:15'),
(1083, 198, '2025-09-09 00:40:19'),
(1084, 172, '2025-09-09 00:40:22'),
(1085, 164, '2025-09-09 00:40:28'),
(1086, 200, '2025-09-09 00:40:29'),
(1087, 154, '2025-09-09 00:40:33'),
(1088, 196, '2025-09-09 00:40:37'),
(1089, 157, '2025-09-09 00:40:42'),
(1090, 153, '2025-09-09 00:40:44'),
(1091, 175, '2025-09-09 00:40:55'),
(1092, 152, '2025-09-09 00:40:59'),
(1093, 495, '2025-09-09 00:41:04'),
(1094, 274, '2025-09-09 00:41:40'),
(1095, 292, '2025-09-09 00:41:40'),
(1096, 289, '2025-09-09 00:41:46'),
(1097, 300, '2025-09-09 00:41:52'),
(1098, 273, '2025-09-09 00:41:58'),
(1099, 293, '2025-09-09 00:42:00'),
(1100, 282, '2025-09-09 00:42:04'),
(1101, 270, '2025-09-09 00:42:06'),
(1102, 272, '2025-09-09 00:42:08'),
(1103, 278, '2025-09-09 00:42:10'),
(1104, 281, '2025-09-09 00:42:15'),
(1105, 334, '2025-09-09 00:42:17'),
(1106, 326, '2025-09-09 00:42:20'),
(1107, 318, '2025-09-09 00:42:26'),
(1108, 304, '2025-09-09 00:42:28'),
(1109, 323, '2025-09-09 00:42:30'),
(1110, 328, '2025-09-09 00:42:37'),
(1111, 310, '2025-09-09 00:42:43'),
(1112, 286, '2025-09-09 00:42:44'),
(1113, 309, '2025-09-09 00:42:48'),
(1114, 315, '2025-09-09 00:42:49'),
(1115, 275, '2025-09-09 00:42:52'),
(1116, 329, '2025-09-09 00:42:58'),
(1117, 283, '2025-09-09 00:43:02'),
(1118, 325, '2025-09-09 00:43:05'),
(1119, 324, '2025-09-09 00:43:10'),
(1120, 331, '2025-09-09 00:43:12'),
(1121, 314, '2025-09-09 00:43:15'),
(1122, 321, '2025-09-09 00:43:16'),
(1123, 307, '2025-09-09 00:43:21'),
(1124, 311, '2025-09-09 00:43:28'),
(1125, 312, '2025-09-09 00:43:28'),
(1126, 290, '2025-09-09 00:43:30'),
(1127, 291, '2025-09-09 00:43:41'),
(1128, 333, '2025-09-09 00:43:41'),
(1129, 317, '2025-09-09 00:43:43'),
(1130, 277, '2025-09-09 00:43:46'),
(1131, 287, '2025-09-09 00:43:48'),
(1132, 301, '2025-09-09 00:43:50'),
(1133, 330, '2025-09-09 00:43:51'),
(1134, 306, '2025-09-09 00:43:52'),
(1135, 276, '2025-09-09 00:43:57'),
(1136, 305, '2025-09-09 00:43:57'),
(1137, 271, '2025-09-09 00:44:02'),
(1138, 320, '2025-09-09 00:44:03'),
(1139, 308, '2025-09-09 00:44:07'),
(1140, 279, '2025-09-09 00:44:13'),
(1141, 280, '2025-09-09 00:44:13'),
(1142, 322, '2025-09-09 00:44:14'),
(1143, 313, '2025-09-09 00:44:18'),
(1144, 332, '2025-09-09 00:44:20'),
(1145, 295, '2025-09-09 00:44:26'),
(1146, 319, '2025-09-09 00:44:27'),
(1147, 296, '2025-09-09 00:44:31'),
(1148, 294, '2025-09-09 00:44:33'),
(1149, 297, '2025-09-09 00:44:35'),
(1150, 299, '2025-09-09 00:44:43'),
(1151, 403, '2025-09-09 00:44:44'),
(1152, 376, '2025-09-09 00:44:47'),
(1153, 401, '2025-09-09 00:44:49'),
(1154, 414, '2025-09-09 00:44:51'),
(1155, 392, '2025-09-09 00:44:57'),
(1156, 378, '2025-09-09 00:45:45'),
(1157, 367, '2025-09-09 00:45:52'),
(1158, 368, '2025-09-09 00:45:53'),
(1159, 380, '2025-09-09 00:45:59'),
(1160, 393, '2025-09-09 00:45:59'),
(1161, 405, '2025-09-09 00:45:59'),
(1162, 372, '2025-09-09 00:46:03'),
(1163, 384, '2025-09-09 00:46:04'),
(1164, 413, '2025-09-09 00:46:05'),
(1165, 408, '2025-09-09 00:46:10'),
(1166, 396, '2025-09-09 00:46:17'),
(1167, 385, '2025-09-09 00:46:18'),
(1168, 398, '2025-09-09 00:46:20'),
(1169, 364, '2025-09-09 00:46:23'),
(1170, 397, '2025-09-09 00:46:26'),
(1171, 394, '2025-09-09 00:46:26'),
(1172, 375, '2025-09-09 00:46:30'),
(1173, 409, '2025-09-09 00:46:30'),
(1174, 374, '2025-09-09 00:46:32'),
(1175, 381, '2025-09-09 00:46:35'),
(1176, 365, '2025-09-09 00:46:38'),
(1177, 406, '2025-09-09 00:46:39'),
(1178, 366, '2025-09-09 00:46:46'),
(1179, 373, '2025-09-09 00:46:46'),
(1180, 387, '2025-09-09 00:46:49'),
(1181, 404, '2025-09-09 00:46:52'),
(1182, 519, '2025-09-09 00:46:57'),
(1183, 407, '2025-09-09 00:46:59'),
(1184, 369, '2025-09-09 00:47:02'),
(1185, 507, '2025-09-09 00:47:06'),
(1186, 415, '2025-09-09 00:47:08'),
(1187, 377, '2025-09-09 00:47:09'),
(1188, 388, '2025-09-09 00:47:16'),
(1189, 391, '2025-09-09 00:47:17'),
(1190, 410, '2025-09-09 00:47:18'),
(1191, 379, '2025-09-09 00:47:19'),
(1192, 399, '2025-09-09 00:47:21'),
(1193, 383, '2025-09-09 00:47:23'),
(1194, 390, '2025-09-09 00:47:24'),
(1195, 18, '2025-09-09 00:47:29'),
(1196, 16, '2025-09-09 00:47:30'),
(1197, 8, '2025-09-09 00:47:33'),
(1198, 13, '2025-09-09 00:47:35'),
(1199, 11, '2025-09-09 00:47:39'),
(1200, 7, '2025-09-09 00:47:41'),
(1201, 1, '2025-09-09 00:47:44'),
(1202, 9, '2025-09-09 00:47:51'),
(1203, 20, '2025-09-09 00:47:51'),
(1204, 2, '2025-09-09 00:47:57'),
(1205, 15, '2025-09-09 00:47:59'),
(1206, 3, '2025-09-09 00:48:08'),
(1207, 17, '2025-09-09 00:48:14'),
(1208, 6, '2025-09-09 00:48:17'),
(1209, 4, '2025-09-09 00:48:20'),
(1210, 412, '2025-09-09 00:48:23'),
(1211, 5, '2025-09-09 00:48:31'),
(1212, 192, '2025-09-09 00:48:32'),
(1213, 12, '2025-09-09 00:48:52'),
(1214, 10, '2025-09-09 00:48:58'),
(1215, 363, '2025-09-09 00:57:18'),
(1216, 400, '2025-09-09 00:57:25'),
(1217, 298, '2025-09-09 01:08:36'),
(1218, 201, '2025-09-09 01:08:44'),
(1219, 412, '2025-09-09 05:36:27'),
(1220, 2, '2025-09-09 05:36:31'),
(1221, 6, '2025-09-09 05:36:35'),
(1222, 17, '2025-09-09 05:36:40'),
(1223, 13, '2025-09-09 05:36:45'),
(1224, 7, '2025-09-09 05:36:49'),
(1225, 16, '2025-09-09 05:36:54'),
(1226, 18, '2025-09-09 05:37:00'),
(1227, 1, '2025-09-09 05:37:05'),
(1228, 8, '2025-09-09 05:37:16'),
(1229, 150, '2025-09-09 05:37:20'),
(1230, 326, '2025-09-09 05:37:24'),
(1231, 15, '2025-09-09 05:37:25'),
(1232, 11, '2025-09-09 05:37:30'),
(1233, 174, '2025-09-09 05:37:30'),
(1234, 9, '2025-09-09 05:37:34'),
(1235, 212, '2025-09-09 05:37:35'),
(1236, 402, '2025-09-09 05:37:38'),
(1237, 244, '2025-09-09 05:37:39'),
(1238, 499, '2025-09-09 05:37:48'),
(1239, 264, '2025-09-09 05:37:56'),
(1240, 504, '2025-09-09 05:38:02'),
(1241, 298, '2025-09-09 05:38:02'),
(1242, 332, '2025-09-09 05:38:06'),
(1243, 20, '2025-09-09 05:38:07'),
(1244, 260, '2025-09-09 05:38:09'),
(1245, 192, '2025-09-09 05:38:11'),
(1246, 166, '2025-09-09 05:38:13'),
(1247, 306, '2025-09-09 05:38:15'),
(1248, 296, '2025-09-09 05:38:17'),
(1249, 280, '2025-09-09 05:38:18'),
(1250, 173, '2025-09-09 05:38:19'),
(1251, 297, '2025-09-09 05:38:21'),
(1252, 204, '2025-09-09 05:38:23'),
(1253, 177, '2025-09-09 05:38:25'),
(1254, 239, '2025-09-09 05:38:26'),
(1255, 3, '2025-09-09 05:38:28'),
(1256, 144, '2025-09-09 05:38:29'),
(1257, 205, '2025-09-09 05:38:31'),
(1258, 206, '2025-09-09 05:38:32'),
(1259, 194, '2025-09-09 05:38:33'),
(1260, 237, '2025-09-09 05:38:34'),
(1261, 12, '2025-09-09 05:38:34'),
(1262, 363, '2025-09-09 05:38:35'),
(1263, 201, '2025-09-09 05:38:38'),
(1264, 141, '2025-09-09 05:38:38'),
(1265, 152, '2025-09-09 05:38:39'),
(1266, 240, '2025-09-09 05:38:42'),
(1267, 162, '2025-09-09 05:38:42'),
(1268, 157, '2025-09-09 05:38:45'),
(1269, 140, '2025-09-09 05:38:47'),
(1270, 142, '2025-09-09 05:38:51'),
(1271, 263, '2025-09-09 05:38:55'),
(1272, 318, '2025-09-09 05:38:55'),
(1273, 170, '2025-09-09 05:38:56'),
(1274, 169, '2025-09-09 05:38:57'),
(1275, 233, '2025-09-09 05:38:58'),
(1276, 276, '2025-09-09 05:38:58'),
(1277, 277, '2025-09-09 05:39:00'),
(1278, 156, '2025-09-09 05:39:00'),
(1279, 283, '2025-09-09 05:39:01'),
(1280, 519, '2025-09-09 05:39:01'),
(1281, 259, '2025-09-09 05:39:01'),
(1282, 256, '2025-09-09 05:39:02'),
(1283, 312, '2025-09-09 05:39:02'),
(1284, 165, '2025-09-09 05:39:05'),
(1285, 203, '2025-09-09 05:39:05'),
(1286, 175, '2025-09-09 05:39:05'),
(1287, 310, '2025-09-09 05:39:06'),
(1288, 146, '2025-09-09 05:39:07'),
(1289, 149, '2025-09-09 05:39:07'),
(1290, 258, '2025-09-09 05:39:09'),
(1291, 191, '2025-09-09 05:39:10'),
(1292, 168, '2025-09-09 05:39:10'),
(1293, 301, '2025-09-09 05:39:12'),
(1294, 243, '2025-09-09 05:39:12'),
(1295, 163, '2025-09-09 05:39:12'),
(1296, 164, '2025-09-09 05:39:13'),
(1297, 501, '2025-09-09 05:39:14'),
(1298, 407, '2025-09-09 05:39:14'),
(1299, 498, '2025-09-09 05:39:16'),
(1300, 304, '2025-09-09 05:39:17'),
(1301, 172, '2025-09-09 05:39:17'),
(1302, 182, '2025-09-09 05:39:18'),
(1303, 195, '2025-09-09 05:39:18'),
(1304, 309, '2025-09-09 05:39:18'),
(1305, 231, '2025-09-09 05:39:19'),
(1306, 153, '2025-09-09 05:39:22'),
(1307, 261, '2025-09-09 05:39:22'),
(1308, 307, '2025-09-09 05:39:24'),
(1309, 495, '2025-09-09 05:39:24'),
(1310, 151, '2025-09-09 05:39:24'),
(1311, 139, '2025-09-09 05:39:26'),
(1312, 290, '2025-09-09 05:39:27'),
(1313, 187, '2025-09-09 05:39:27'),
(1314, 180, '2025-09-09 05:39:28'),
(1315, 331, '2025-09-09 05:39:30'),
(1316, 4, '2025-09-09 05:39:30'),
(1317, 213, '2025-09-09 05:39:30'),
(1318, 158, '2025-09-09 05:39:32'),
(1319, 199, '2025-09-09 05:39:33'),
(1320, 329, '2025-09-09 05:39:34'),
(1321, 323, '2025-09-09 05:39:34'),
(1322, 334, '2025-09-09 05:39:36'),
(1323, 188, '2025-09-09 05:39:36'),
(1324, 155, '2025-09-09 05:39:37'),
(1325, 221, '2025-09-09 05:39:37'),
(1326, 291, '2025-09-09 05:39:39'),
(1327, 368, '2025-09-09 05:39:40'),
(1328, 148, '2025-09-09 05:39:40'),
(1329, 520, '2025-09-09 05:39:41'),
(1330, 215, '2025-09-09 05:39:42'),
(1331, 167, '2025-09-09 05:39:44'),
(1332, 245, '2025-09-09 05:39:44'),
(1333, 367, '2025-09-09 05:39:44'),
(1334, 366, '2025-09-09 05:39:45'),
(1335, 496, '2025-09-09 05:39:46'),
(1336, 262, '2025-09-09 05:39:48'),
(1337, 265, '2025-09-09 05:39:49'),
(1338, 281, '2025-09-09 05:39:49'),
(1339, 292, '2025-09-09 05:39:50'),
(1340, 159, '2025-09-09 05:39:52'),
(1341, 241, '2025-09-09 05:39:52'),
(1342, 365, '2025-09-09 05:39:52'),
(1343, 315, '2025-09-09 05:39:54'),
(1344, 222, '2025-09-09 05:39:56'),
(1345, 267, '2025-09-09 05:39:57'),
(1346, 198, '2025-09-09 05:39:57'),
(1347, 189, '2025-09-09 05:40:01'),
(1348, 181, '2025-09-09 05:40:01'),
(1349, 274, '2025-09-09 05:40:01'),
(1350, 257, '2025-09-09 05:40:01'),
(1351, 223, '2025-09-09 05:40:04'),
(1352, 372, '2025-09-09 05:40:04'),
(1353, 268, '2025-09-09 05:40:06'),
(1354, 311, '2025-09-09 05:40:07'),
(1355, 190, '2025-09-09 05:40:08'),
(1356, 269, '2025-09-09 05:40:09'),
(1357, 320, '2025-09-09 05:40:11'),
(1358, 270, '2025-09-09 05:40:12'),
(1359, 196, '2025-09-09 05:40:13'),
(1360, 210, '2025-09-09 05:40:14'),
(1361, 200, '2025-09-09 05:40:16'),
(1362, 227, '2025-09-09 05:40:18'),
(1363, 272, '2025-09-09 05:40:20'),
(1364, 313, '2025-09-09 05:40:20'),
(1365, 408, '2025-09-09 05:40:24'),
(1366, 197, '2025-09-09 05:40:24'),
(1367, 308, '2025-09-09 05:40:27'),
(1368, 271, '2025-09-09 05:40:27'),
(1369, 379, '2025-09-09 05:40:28'),
(1370, 282, '2025-09-09 05:40:30'),
(1371, 391, '2025-09-09 05:40:31'),
(1372, 176, '2025-09-09 05:40:32'),
(1373, 390, '2025-09-09 05:40:33'),
(1374, 376, '2025-09-09 05:40:37'),
(1375, 279, '2025-09-09 05:40:37'),
(1376, 278, '2025-09-09 05:40:40'),
(1377, 238, '2025-09-09 05:40:41'),
(1378, 171, '2025-09-09 05:40:45'),
(1379, 300, '2025-09-09 05:40:45'),
(1380, 275, '2025-09-09 05:40:48'),
(1381, 154, '2025-09-09 05:40:51'),
(1382, 273, '2025-09-09 05:40:54'),
(1383, 305, '2025-09-09 05:40:56'),
(1384, 502, '2025-09-09 05:40:57'),
(1385, 186, '2025-09-09 05:40:58'),
(1386, 375, '2025-09-09 05:40:59'),
(1387, 218, '2025-09-09 05:41:01'),
(1388, 147, '2025-09-09 05:41:02'),
(1389, 387, '2025-09-09 05:41:03'),
(1390, 193, '2025-09-09 05:41:03'),
(1391, 388, '2025-09-09 05:41:07'),
(1392, 293, '2025-09-09 05:41:10'),
(1393, 179, '2025-09-09 05:41:12'),
(1394, 160, '2025-09-09 05:41:13'),
(1395, 289, '2025-09-09 05:41:16'),
(1396, 333, '2025-09-09 05:41:17'),
(1397, 225, '2025-09-09 05:41:21'),
(1398, 5, '2025-09-09 05:41:22'),
(1399, 497, '2025-09-09 05:41:22'),
(1400, 414, '2025-09-09 05:41:23'),
(1401, 324, '2025-09-09 05:41:27'),
(1402, 392, '2025-09-09 05:41:28'),
(1403, 185, '2025-09-09 05:41:29'),
(1404, 209, '2025-09-09 05:41:31'),
(1405, 325, '2025-09-09 05:41:33'),
(1406, 220, '2025-09-09 05:41:35'),
(1407, 385, '2025-09-09 05:41:35'),
(1408, 321, '2025-09-09 05:41:38'),
(1409, 378, '2025-09-09 05:41:39'),
(1410, 397, '2025-09-09 05:41:39'),
(1411, 505, '2025-09-09 05:41:43'),
(1412, 404, '2025-09-09 05:41:44'),
(1413, 317, '2025-09-09 05:41:44'),
(1414, 322, '2025-09-09 05:41:46'),
(1415, 330, '2025-09-09 05:41:47'),
(1416, 394, '2025-09-09 05:41:48'),
(1417, 235, '2025-09-09 05:41:48'),
(1418, 405, '2025-09-09 05:41:52'),
(1419, 184, '2025-09-09 05:41:56'),
(1420, 396, '2025-09-09 05:41:57'),
(1421, 314, '2025-09-09 05:41:59'),
(1422, 384, '2025-09-09 05:42:02'),
(1423, 224, '2025-09-09 05:42:03'),
(1424, 401, '2025-09-09 05:42:06'),
(1425, 398, '2025-09-09 05:42:10'),
(1426, 287, '2025-09-09 05:42:12'),
(1427, 383, '2025-09-09 05:42:15'),
(1428, 409, '2025-09-09 05:42:20'),
(1429, 400, '2025-09-09 05:42:24'),
(1430, 503, '2025-09-09 05:42:26'),
(1431, 403, '2025-09-09 05:42:29'),
(1432, 374, '2025-09-09 05:42:34'),
(1433, 328, '2025-09-09 05:42:37'),
(1434, 295, '2025-09-09 05:43:05'),
(1435, 364, '2025-09-09 05:44:58'),
(1436, 406, '2025-09-09 05:45:03'),
(1437, 373, '2025-09-09 05:45:06'),
(1438, 369, '2025-09-09 05:45:07'),
(1439, 380, '2025-09-09 05:45:10'),
(1440, 381, '2025-09-09 05:45:15'),
(1441, 410, '2025-09-09 05:53:16'),
(1442, 377, '2025-09-09 05:53:20'),
(1443, 415, '2025-09-09 05:54:11'),
(1444, 393, '2025-09-09 05:56:14'),
(1447, 522, '2026-06-23 00:00:00'),
(1448, 522, '2026-06-23 09:00:00');

-- --------------------------------------------------------

--
-- Table structure for table `settings`
--

DROP TABLE IF EXISTS `settings`;
CREATE TABLE IF NOT EXISTS `settings` (
  `id` int NOT NULL AUTO_INCREMENT,
  `setting_key` varchar(100) COLLATE utf8mb4_general_ci NOT NULL,
  `setting_value` text COLLATE utf8mb4_general_ci,
  PRIMARY KEY (`id`),
  UNIQUE KEY `setting_key` (`setting_key`)
) ENGINE=InnoDB DEFAULT CHARSET=utf8mb4 COLLATE=utf8mb4_general_ci;

-- --------------------------------------------------------

--
-- Table structure for table `users`
--

DROP TABLE IF EXISTS `users`;
CREATE TABLE IF NOT EXISTS `users` (
  `id` int NOT NULL AUTO_INCREMENT,
  `nim` varchar(30) COLLATE utf8mb4_general_ci NOT NULL,
  `nama_lengkap` varchar(255) COLLATE utf8mb4_general_ci NOT NULL,
  `jalur_program` varchar(50) COLLATE utf8mb4_general_ci NOT NULL,
  `fakultas` varchar(100) COLLATE utf8mb4_general_ci DEFAULT NULL,
  `program_studi` varchar(100) COLLATE utf8mb4_general_ci NOT NULL,
  `tahun_masuk` varchar(4) COLLATE utf8mb4_general_ci DEFAULT NULL,
  `jenis_kelamin` varchar(15) COLLATE utf8mb4_general_ci DEFAULT NULL,
  `alamat` varchar(255) COLLATE utf8mb4_general_ci DEFAULT NULL,
  `agama` varchar(20) COLLATE utf8mb4_general_ci DEFAULT NULL,
  `nomor_hp` varchar(25) COLLATE utf8mb4_general_ci DEFAULT NULL,
  `email` varchar(100) COLLATE utf8mb4_general_ci NOT NULL,
  `registered_at` datetime DEFAULT CURRENT_TIMESTAMP,
  PRIMARY KEY (`id`,`nim`)
) ENGINE=InnoDB AUTO_INCREMENT=524 DEFAULT CHARSET=utf8mb4 COLLATE=utf8mb4_general_ci;

--
-- Dumping data for table `users`
--

INSERT INTO `users` (`id`, `nim`, `nama_lengkap`, `jalur_program`, `fakultas`, `program_studi`, `tahun_masuk`, `jenis_kelamin`, `alamat`, `agama`, `nomor_hp`, `email`, `registered_at`) VALUES
(1, '321240012', 'Hilma Maulida Safira', 'Reguler Pagi', 'Fakultas Bahasa dan Budaya', 'Sastra Inggris', '2024', '', '', '', '', 'hilmamaulida633@gmail.com', '2025-11-23 13:37:16'),
(2, '321250013', 'Dinda Febriyana Putri', 'Reguler Pagi', 'Fakultas Bahasa dan Budaya', 'Sastra Inggris', '2025', '', '', '', '', 'dindafebriyanaputri@gmail.com', '2025-11-23 13:37:16'),
(3, '321250020', 'Goei Novrian Jovindo Nathanael Wibowo', 'Reguler Pagi', 'Fakultas Bahasa dan Budaya', 'Sastra Inggris', '2025', '', '', '', '', 'njovindo@gmail.com', '2025-11-23 13:37:16'),
(4, '321250018', 'Aprella Rosidawati', 'Reguler Pagi', 'Fakultas Bahasa dan Budaya', 'Sastra Inggris', '2025', '', '', '', '', 'zaynellasizui@gmail.com', '2025-11-23 13:37:16'),
(5, '321250010', 'Nemesio Asiesa Teguh Protes Sanggelelo', 'Reguler Pagi', 'Fakultas Bahasa dan Budaya', 'Sastra Inggris', '2025', '', '', '', '', 'sesapedde@gmail.com', '2025-11-23 13:37:16'),
(6, '321250015', 'Astrid Sabrina', 'Reguler Pagi', 'Fakultas Bahasa dan Budaya', 'Sastra Inggris', '2025', '', '', '', '', 'astridsabrina03@gmail.com', '2025-11-23 13:37:16'),
(7, '321250008', 'Suci Okta Fitriyani', 'Reguler Pagi', 'Fakultas Bahasa dan Budaya', 'Sastra Inggris', '2025', '', '', '', '', 'sucioktaaa25@gmail.com', '2025-11-23 13:37:16'),
(8, '321250012', 'Cantika Abigail', 'Reguler Pagi', 'Fakultas Bahasa dan Budaya', 'Sastra Inggris', '2025', '', '', '', '', 'cantikaceizz@gmail.com', '2025-11-23 13:37:16'),
(9, '321250001', 'Naila Hasna Haidar', 'Reguler Pagi', 'Fakultas Bahasa dan Budaya', 'Sastra Inggris', '2025', '', '', '', '', '4everloveliest@gmail.com', '2025-11-23 13:37:16'),
(10, '321250002', 'Wahyu Aulia Davin', 'Reguler Pagi', 'Fakultas Bahasa dan Budaya', 'Sastra Inggris', '2025', '', '', '', '', 'davinaja1234@gmail.com', '2025-11-23 13:37:16'),
(11, '321250004', 'Hanaya Tsani Masyitah', 'Reguler Pagi', 'Fakultas Bahasa dan Budaya', 'Sastra Inggris', '2025', '', '', '', '', 'hanayamasyitah2305@gmail.com', '2025-11-23 13:37:16'),
(12, '321250011', 'Yeremias Harun Made', 'Reguler Pagi', 'Fakultas Bahasa dan Budaya', 'Sastra Inggris', '2025', '', '', '', '', 'miasmade3@gmail.com', '2025-11-23 13:37:16'),
(13, '321250014', 'Sakti Muhammad Rivky', 'Reguler Pagi', 'Fakultas Bahasa dan Budaya', 'Sastra Inggris', '2025', '', '', '', '', 'msakti256@gmail.com', '2025-11-23 13:37:16'),
(14, '321250009', 'Muhammad Rizal Maulana', 'Reguler Pagi', 'Fakultas Bahasa dan Budaya', 'Sastra Inggris', '2025', '', '', '', '', 'newml2003@gmail.com', '2025-11-23 13:37:16'),
(15, '321250025', 'Mutiara Widyaisworo', 'Reguler Pagi', 'Fakultas Bahasa dan Budaya', 'Sastra Inggris', '2025', '', '', '', '', 'mutiarawidya817@gmail.com', '2025-11-23 13:37:16'),
(16, '321250026', 'Tutik Hidayah', 'Reguler Pagi', 'Fakultas Bahasa dan Budaya', 'Sastra Inggris', '2025', '', '', '', '', 'thidayah266@gmail.com', '2025-11-23 13:37:16'),
(17, '321250027', 'Naufal Chandra Dwi Amanta', 'Reguler Pagi', 'Fakultas Bahasa dan Budaya', 'Sastra Inggris', '2025', '', '', '', '', 'naufalananta16@gmail.com', '2025-11-23 13:37:16'),
(18, '321250028', 'Dava Fadilla Aulia Putri', 'Reguler Pagi', 'Fakultas Bahasa dan Budaya', 'Sastra Inggris', '2025', '', '', '', '', 'davafadilla07@gmail.com', '2025-11-23 13:37:16'),
(19, '321250029', 'Jonathan Christian Panggabean', 'Reguler Pagi', 'Fakultas Bahasa dan Budaya', 'Sastra Inggris', '2025', '', '', '', '', 'jonathanchristianpangabean@gmail.com', '2025-11-23 13:37:16'),
(20, '321250030', 'Arya Ahmad Fakhrozi', 'Reguler Pagi', 'Fakultas Bahasa dan Budaya', 'Sastra Inggris', '2025', '', '', '', '', 'xblitz86@gmail.com', '2025-11-23 13:37:16'),
(21, '321250022', 'Salma Ramadhani', 'Reguler Sore', 'Fakultas Bahasa dan Budaya', 'Sastra Inggris', '2025', '', '', '', '', 'syimalyds@gmail.com', '2025-11-23 13:37:16'),
(22, '121250102', 'Apriyani Waruwu', 'Karyawan YPTN & Solafide', 'Fakultas Ekonomika dan Bisnis', 'Manajemen', '2025', '', '', '', '', 'ehomoholi@gmail.com', '2025-11-23 13:37:16'),
(23, '121250103', 'Sekui Halawa', 'Karyawan YPTN & Solafide', 'Fakultas Ekonomika dan Bisnis', 'Manajemen', '2025', '', '', '', '', 'sekuihlw@gmail.com', '2025-11-23 13:37:16'),
(24, '121250104', 'Informasi Buulolo', 'Karyawan YPTN & Solafide', 'Fakultas Ekonomika dan Bisnis', 'Manajemen', '2025', '', '', '', '', 'ifardinbll69@gmail.com', '2025-11-23 13:37:16'),
(25, '121250105', 'Daferlius Hulu', 'Karyawan YPTN & Solafide', 'Fakultas Ekonomika dan Bisnis', 'Manajemen', '2025', '', '', '', '', 'daferlius306@gmail.com', '2025-11-23 13:37:16'),
(26, '121250106', 'Yoakhim Aldian Nitema Berkat Hia', 'Karyawan YPTN & Solafide', 'Fakultas Ekonomika dan Bisnis', 'Manajemen', '2025', '', '', '', '', 'nitema26@gmail.com', '2025-11-23 13:37:16'),
(27, '121250107', 'Efinieli Gulo', 'Karyawan YPTN & Solafide', 'Fakultas Ekonomika dan Bisnis', 'Manajemen', '2025', '', '', '', '', 'guloefenieli@gmail.com', '2025-11-23 13:37:16'),
(28, '121250108', 'Samudra Laowo', 'Karyawan YPTN & Solafide', 'Fakultas Ekonomika dan Bisnis', 'Manajemen', '2025', '', '', '', '', 'Samudralaowosamudralaowo@gmail.com', '2025-11-23 13:37:16'),
(29, '121250109', 'Samaeli Hulu', 'Karyawan YPTN & Solafide', 'Fakultas Ekonomika dan Bisnis', 'Manajemen', '2025', '', '', '', '', 'samaelihulusamuel@gmail.com', '2025-11-23 13:37:16'),
(30, '121250110', 'Harapan Laia', 'Karyawan YPTN & Solafide', 'Fakultas Ekonomika dan Bisnis', 'Manajemen', '2025', '', '', '', '', 'andikalaia2025@gmail.com', '2025-11-23 13:37:16'),
(31, '121250111', 'Iman Mulia Gea', 'Karyawan YPTN & Solafide', 'Fakultas Ekonomika dan Bisnis', 'Manajemen', '2025', '', '', '', '', 'muliageaiman@gmail.com', '2025-11-23 13:37:16'),
(32, '121250112', 'Sokhigamuata Laia', 'Karyawan YPTN & Solafide', 'Fakultas Ekonomika dan Bisnis', 'Manajemen', '2025', '', '', '', '', 'sekhigamuata07@gmail.com', '2025-11-23 13:37:16'),
(33, '121250113', 'Situaman Gulo', 'Karyawan YPTN & Solafide', 'Fakultas Ekonomika dan Bisnis', 'Manajemen', '2025', '', '', '', '', 'situamangulo@gmail.com', '2025-11-23 13:37:16'),
(34, '121250114', 'Putra Damai Laia', 'Karyawan YPTN & Solafide', 'Fakultas Ekonomika dan Bisnis', 'Manajemen', '2025', '', '', '', '', 'laiaserikat7@gmail.com', '2025-11-23 13:37:16'),
(35, '121250115', 'Gustaf Warling Hulu', 'Karyawan YPTN & Solafide', 'Fakultas Ekonomika dan Bisnis', 'Manajemen', '2025', '', '', '', '', 'gustafwarling@gmail.com', '2025-11-23 13:37:16'),
(36, '121250116', 'Meiman Putra Jaya Lase', 'Karyawan YPTN & Solafide', 'Fakultas Ekonomika dan Bisnis', 'Manajemen', '2025', '', '', '', '', '', '2025-11-23 13:37:16'),
(37, '121250117', 'Zumidar Ziliwu', 'Karyawan YPTN & Solafide', 'Fakultas Ekonomika dan Bisnis', 'Manajemen', '2025', '', '', '', '', 'zzumidar@gmail.com', '2025-11-23 13:37:16'),
(38, '121250118', 'Famahato Gulo', 'Karyawan YPTN & Solafide', 'Fakultas Ekonomika dan Bisnis', 'Manajemen', '2025', '', '', '', '', 'gulofama36@gmail.com', '2025-11-23 13:37:16'),
(39, '121250119', 'Fandi Jaya Buulolo', 'Karyawan YPTN & Solafide', 'Fakultas Ekonomika dan Bisnis', 'Manajemen', '2025', '', '', '', '', 'bllf5991@gmail.com', '2025-11-23 13:37:16'),
(40, '121250120', 'Alfredo Wilkinson Yabada', 'Karyawan YPTN & Solafide', 'Fakultas Ekonomika dan Bisnis', 'Manajemen', '2025', '', '', '', '', 'alfredoderr@gmail.com', '2025-11-23 13:37:16'),
(41, '121250121', 'Rut Jernih Gea', 'Karyawan YPTN & Solafide', 'Fakultas Ekonomika dan Bisnis', 'Manajemen', '2025', '', '', '', '', 'rutgea7@gmail.com', '2025-11-23 13:37:16'),
(42, '121250122', 'Refalines Nazara', 'Karyawan YPTN & Solafide', 'Fakultas Ekonomika dan Bisnis', 'Manajemen', '2025', '', '', '', '', 'nazararevalines@gmail.com', '2025-11-23 13:37:16'),
(43, '121250123', 'Ifo\'Era Era Harefa', 'Karyawan YPTN & Solafide', 'Fakultas Ekonomika dan Bisnis', 'Manajemen', '2025', '', '', '', '', 'ifonharefa07@gmail.com', '2025-11-23 13:37:16'),
(44, '121250124', 'Yusuf Mei Harefa', 'Karyawan YPTN & Solafide', 'Fakultas Ekonomika dan Bisnis', 'Manajemen', '2025', '', '', '', '', 'Yusufmeiharefa13@gmail.com', '2025-11-23 13:37:16'),
(45, '121250125', 'Ecin Piosan', 'Karyawan YPTN & Solafide', 'Fakultas Ekonomika dan Bisnis', 'Manajemen', '2025', '', '', '', '', 'echinpiosan@gmail.com', '2025-11-23 13:37:16'),
(46, '121250126', 'Roelni Kristian Garamba', 'Karyawan YPTN & Solafide', 'Fakultas Ekonomika dan Bisnis', 'Manajemen', '2025', '', '', '', '', 'elnigaramba630@gmail.com', '2025-11-23 13:37:16'),
(47, '121250127', 'Ben Efrem Hia', 'Karyawan YPTN & Solafide', 'Fakultas Ekonomika dan Bisnis', 'Manajemen', '2025', '', '', '', '', 'benefremhya@gmail.com', '2025-11-23 13:37:16'),
(48, '121250128', 'Boas Putra Damai Daeli', 'Karyawan YPTN & Solafide', 'Fakultas Ekonomika dan Bisnis', 'Manajemen', '2025', '', '', '', '', 'Daeliboas@gmail.com', '2025-11-23 13:37:16'),
(49, '121250129', 'Syukur Juniaman Laoli', 'Karyawan YPTN & Solafide', 'Fakultas Ekonomika dan Bisnis', 'Manajemen', '2025', '', '', '', '', 'syukurjuniamanlaoli@gmail.com', '2025-11-23 13:37:16'),
(50, '121250130', 'Berkat Laia', 'Karyawan YPTN & Solafide', 'Fakultas Ekonomika dan Bisnis', 'Manajemen', '2025', '', '', '', '', 'berkatlaia2025@gmail.com', '2025-11-23 13:37:16'),
(51, '121250131', 'Desman Gulo', 'Karyawan YPTN & Solafide', 'Fakultas Ekonomika dan Bisnis', 'Manajemen', '2025', '', '', '', '', 'desmangulo06@gmail.com', '2025-11-23 13:37:16'),
(52, '121250132', 'Zefania Gulo', 'Karyawan YPTN & Solafide', 'Fakultas Ekonomika dan Bisnis', 'Manajemen', '2025', '', '', '', '', 'zefangulo249@gmail.com', '2025-11-23 13:37:16'),
(53, '121250133', 'Haogonaso Buulolo', 'Karyawan YPTN & Solafide', 'Fakultas Ekonomika dan Bisnis', 'Manajemen', '2025', '', '', '', '', 'haogonasokhibulolo@gmail.com', '2025-11-23 13:37:16'),
(54, '121250134', 'Estetis Warni Hia', 'Karyawan YPTN & Solafide', 'Fakultas Ekonomika dan Bisnis', 'Manajemen', '2025', '', '', '', '', 'estetishia@gmail.com', '2025-11-23 13:37:16'),
(55, '121250135', 'Cipta Cahyani Zendrato', 'Karyawan YPTN & Solafide', 'Fakultas Ekonomika dan Bisnis', 'Manajemen', '2025', '', '', '', '', 'cipta85661174@gmail.com', '2025-11-23 13:37:16'),
(56, '121250136', 'Frenki Darmawan', 'Karyawan YPTN & Solafide', 'Fakultas Ekonomika dan Bisnis', 'Manajemen', '2025', '', '', '', '', 'frengkidarmawan078@gmail.com', '2025-11-23 13:37:16'),
(57, '121250137', 'Lestari Hia', 'Karyawan YPTN & Solafide', 'Fakultas Ekonomika dan Bisnis', 'Manajemen', '2025', '', '', '', '', 'hialenta581@gmail.com', '2025-11-23 13:37:16'),
(58, '121250138', 'Chamoto Krisweben Zendrato', 'Karyawan YPTN & Solafide', 'Fakultas Ekonomika dan Bisnis', 'Manajemen', '2025', '', '', '', '', 'webenzend@gmail.com', '2025-11-23 13:37:16'),
(59, '121250139', 'Irwanto Halawa', 'Karyawan YPTN & Solafide', 'Fakultas Ekonomika dan Bisnis', 'Manajemen', '2025', '', '', '', '', 'irwantohalawa1@gmail.com', '2025-11-23 13:37:16'),
(60, '121250140', 'Defi Karunia Harefa', 'Karyawan YPTN & Solafide', 'Fakultas Ekonomika dan Bisnis', 'Manajemen', '2025', '', '', '', '', 'harefadefri3@gmail.com', '2025-11-23 13:37:16'),
(61, '121250141', 'Fince Herwanda Harefa', 'Karyawan YPTN & Solafide', 'Fakultas Ekonomika dan Bisnis', 'Manajemen', '2025', '', '', '', '', 'finceharefaa@gmail.com', '2025-11-23 13:37:16'),
(62, '121250142', 'Darwin Hulu', 'Karyawan YPTN & Solafide', 'Fakultas Ekonomika dan Bisnis', 'Manajemen', '2025', '', '', '', '', 'darwindarwinhulu@gmail.com', '2025-11-23 13:37:16'),
(63, '121250143', 'Jekrilson Tangunan', 'Karyawan YPTN & Solafide', 'Fakultas Ekonomika dan Bisnis', 'Manajemen', '2025', '', '', '', '', 'jekrilsontangunan@gmail.com', '2025-11-23 13:37:16'),
(64, '121250148', 'Melwan Christof Mendrofa', 'Karyawan YPTN & Solafide', 'Fakultas Ekonomika dan Bisnis', 'Manajemen', '2025', '', '', '', '', 'melwansesad15@gmail.com', '2025-11-23 13:37:16'),
(65, '121250149', 'Irwansyah Gulo', 'Karyawan YPTN & Solafide', 'Fakultas Ekonomika dan Bisnis', 'Manajemen', '2025', '', '', '', '', 'irwansyahg465@gmail.com', '2025-11-23 13:37:16'),
(66, '121250150', 'Pilipus Tafonao', 'Karyawan YPTN & Solafide', 'Fakultas Ekonomika dan Bisnis', 'Manajemen', '2025', '', '', '', '', 'pilipustafonao1@gmail.com', '2025-11-23 13:37:16'),
(67, '121250151', 'Frendy Alfando Sollitan', 'Karyawan YPTN & Solafide', 'Fakultas Ekonomika dan Bisnis', 'Manajemen', '2025', '', '', '', '', 'frendisollitan@gmai.com', '2025-11-23 13:37:16'),
(68, '121250152', 'Vedro Sollitan', 'Karyawan YPTN & Solafide', 'Fakultas Ekonomika dan Bisnis', 'Manajemen', '2025', '', '', '', '', 'lukisolitan@gmail.com', '2025-11-23 13:37:16'),
(69, '121250153', 'Yuhdistira. Tudo', 'Karyawan YPTN & Solafide', 'Fakultas Ekonomika dan Bisnis', 'Manajemen', '2025', '', '', '', '', '', '2025-11-23 13:37:16'),
(70, '121250154', 'Natal Kurniawati Hulu', 'Karyawan YPTN & Solafide', 'Fakultas Ekonomika dan Bisnis', 'Manajemen', '2025', '', '', '', '', '', '2025-11-23 13:37:16'),
(71, '123250081', 'Jelli Elvin Nalia Mendrofa', 'Karyawan YPTN & Solafide', 'Fakultas Ekonomika dan Bisnis', 'Perpajakan', '2025', '', '', '', '', 'Jellimendrofa@gmail.com', '2025-11-23 13:37:16'),
(72, '121250160', 'Desi Sapang', 'Karyawan YPTN & Solafide', 'Fakultas Ekonomika dan Bisnis', 'Manajemen', '2025', '', '', '', '', 'desyshapang@gmail.com', '2025-11-23 13:37:16'),
(73, '121250161', 'Kalvin Kasih Hulu', 'Karyawan YPTN & Solafide', 'Fakultas Ekonomika dan Bisnis', 'Manajemen', '2025', '', '', '', '', 'kalvinhulu53@gmail.com', '2025-11-23 13:37:16'),
(74, '122250044', 'Wiljen Safitri Gea', 'Karyawan YPTN & Solafide', 'Fakultas Ekonomika dan Bisnis', 'Akuntansi', '2025', '', '', '', '', 'wiljengea@gmail.com', '2025-11-23 13:37:16'),
(75, '122250045', 'Vikaria Laia', 'Karyawan YPTN & Solafide', 'Fakultas Ekonomika dan Bisnis', 'Akuntansi', '2025', '', '', '', '', 'Vikarialaia663@gmail.com', '2025-11-23 13:37:16'),
(76, '122250046', 'Lira Delfianis Wau', 'Karyawan YPTN & Solafide', 'Fakultas Ekonomika dan Bisnis', 'Akuntansi', '2025', '', '', '', '', 'liradelfianiswau@gmail.com', '2025-11-23 13:37:16'),
(77, '122250047', 'Niscaya Cerah Ceria Waruwu', 'Karyawan YPTN & Solafide', 'Fakultas Ekonomika dan Bisnis', 'Akuntansi', '2025', '', '', '', '', 'waruwuniscaya64@gmail.com', '2025-11-23 13:37:16'),
(78, '122250048', 'Dodi Darmawan Lahagu', 'Karyawan YPTN & Solafide', 'Fakultas Ekonomika dan Bisnis', 'Akuntansi', '2025', '', '', '', '', ':emanuellahagu6@gmail.com', '2025-11-23 13:37:16'),
(79, '122250049', 'Lestari Warasi', 'Karyawan YPTN & Solafide', 'Fakultas Ekonomika dan Bisnis', 'Akuntansi', '2025', '', '', '', '', '', '2025-11-23 13:37:16'),
(80, '122250050', 'Cindi Cenora Zalukhu', 'Karyawan YPTN & Solafide', 'Fakultas Ekonomika dan Bisnis', 'Akuntansi', '2025', '', '', '', '', 'cindyyzall@gmail.com', '2025-11-23 13:37:16'),
(81, '122250051', 'Yapintar Laia', 'Karyawan YPTN & Solafide', 'Fakultas Ekonomika dan Bisnis', 'Akuntansi', '2025', '', '', '', '', '', '2025-11-23 13:37:16'),
(82, '122250052', 'Safianus Zebua', 'Karyawan YPTN & Solafide', 'Fakultas Ekonomika dan Bisnis', 'Akuntansi', '2025', '', '', '', '', 'dafidzeb250@gmail.com', '2025-11-23 13:37:16'),
(83, '122250053', 'Chris Damai Yubersal Nazara', 'Karyawan YPTN & Solafide', 'Fakultas Ekonomika dan Bisnis', 'Akuntansi', '2025', '', '', '', '', 'yubernazara980@gmail.com', '2025-11-23 13:37:16'),
(84, '122250054', 'Elviat Laia', 'Karyawan YPTN & Solafide', 'Fakultas Ekonomika dan Bisnis', 'Akuntansi', '2025', '', '', '', '', 'elviatlaia@gmail.com', '2025-11-23 13:37:16'),
(85, '122250055', 'Lincah Hati Murni Laia', 'Karyawan YPTN & Solafide', 'Fakultas Ekonomika dan Bisnis', 'Akuntansi', '2025', '', '', '', '', 'Lincelaia2025@gamil.com', '2025-11-23 13:37:16'),
(86, '122250056', 'Andreas Putra Jaya Ndruru', 'Karyawan YPTN & Solafide', 'Fakultas Ekonomika dan Bisnis', 'Akuntansi', '2025', '', '', '', '', 'andreasndruru02@gmail.com', '2025-11-23 13:37:16'),
(87, '122250057', 'Nofaris Bawamenewi', 'Karyawan YPTN & Solafide', 'Fakultas Ekonomika dan Bisnis', 'Akuntansi', '2025', '', '', '', '', 'nofarisbmnn@gmail.com', '2025-11-23 13:37:16'),
(88, '122250058', 'Martinus Gulo', 'Karyawan YPTN & Solafide', 'Fakultas Ekonomika dan Bisnis', 'Akuntansi', '2025', '', '', '', '', 'martinusgulo67@gmail.com', '2025-11-23 13:37:16'),
(89, '122250059', 'Yarniwati Gulo', 'Karyawan YPTN & Solafide', 'Fakultas Ekonomika dan Bisnis', 'Akuntansi', '2025', '', '', '', '', 'yarnigulo2007@gmail.com', '2025-11-23 13:37:16'),
(90, '122250060', 'Happy Yusniar Zandroto', 'Karyawan YPTN & Solafide', 'Fakultas Ekonomika dan Bisnis', 'Akuntansi', '2025', '', '', '', '', 'happpzandroto108@gmail.com', '2025-11-23 13:37:16'),
(91, '122250061', 'Talenta Natalia Zebua', 'Karyawan YPTN & Solafide', 'Fakultas Ekonomika dan Bisnis', 'Akuntansi', '2025', '', '', '', '', 'talenta816@gmail.com', '2025-11-23 13:37:16'),
(92, '122250062', 'Lince Arni Telaumbanua', 'Karyawan YPTN & Solafide', 'Fakultas Ekonomika dan Bisnis', 'Akuntansi', '2025', '', '', '', '', 'lyncedelaw@gmail.com', '2025-11-23 13:37:16'),
(93, '122250063', 'Sadarman Zega', 'Karyawan YPTN & Solafide', 'Fakultas Ekonomika dan Bisnis', 'Akuntansi', '2025', '', '', '', '', 'sadarmanzega210@gmail.com', '2025-11-23 13:37:16'),
(94, '122250064', 'Feb Kris Tantri Gulo', 'Karyawan YPTN & Solafide', 'Fakultas Ekonomika dan Bisnis', 'Akuntansi', '2025', '', '', '', '', 'febkris68@gmail.com', '2025-11-23 13:37:16'),
(95, '122250065', 'Ewin Indah Hayati Gea', 'Karyawan YPTN & Solafide', 'Fakultas Ekonomika dan Bisnis', 'Akuntansi', '2025', '', '', '', '', 'Ewinindahhgea@gmail.com', '2025-11-23 13:37:16'),
(96, '122250066', 'Destin Pinta Hati Zamasi', 'Karyawan YPTN & Solafide', 'Fakultas Ekonomika dan Bisnis', 'Akuntansi', '2025', '', '', '', '', 'destinzamasi@gmail.com', '2025-11-23 13:37:16'),
(97, '122250067', 'Juney Lilis Arnelian Harefa', 'Karyawan YPTN & Solafide', 'Fakultas Ekonomika dan Bisnis', 'Akuntansi', '2025', '', '', '', '', 'juney724@gmail.com', '2025-11-23 13:37:16'),
(98, '122250068', 'Megarisna Harefa', 'Karyawan YPTN & Solafide', 'Fakultas Ekonomika dan Bisnis', 'Akuntansi', '2025', '', '', '', '', 'megarisnaharefa52@gmail.com', '2025-11-23 13:37:16'),
(99, '122250069', 'Arnel Bestarlina Dakhi', 'Karyawan YPTN & Solafide', 'Fakultas Ekonomika dan Bisnis', 'Akuntansi', '2025', '', '', '', '', 'arneldakhi2006@gmail.com', '2025-11-23 13:37:16'),
(100, '122250070', 'Rita Fasra Indah Hulu', 'Karyawan YPTN & Solafide', 'Fakultas Ekonomika dan Bisnis', 'Akuntansi', '2025', '', '', '', '', 'Ritahulu@gmail.com', '2025-11-23 13:37:16'),
(101, '123250042', 'Doni Aro Hulu', 'Karyawan YPTN & Solafide', 'Fakultas Ekonomika dan Bisnis', 'Perpajakan', '2025', '', '', '', '', '', '2025-11-23 13:37:16'),
(102, '123250043', 'Fillariati Laia', 'Karyawan YPTN & Solafide', 'Fakultas Ekonomika dan Bisnis', 'Perpajakan', '2025', '', '', '', '', 'Fillariatilaia@gmail.com', '2025-11-23 13:37:16'),
(103, '123250044', 'Heriyanto Ndruru', 'Karyawan YPTN & Solafide', 'Fakultas Ekonomika dan Bisnis', 'Perpajakan', '2025', '', '', '', '', 'heryyantondruru@gmail.com', '2025-11-23 13:37:16'),
(104, '123250045', 'Tuti Ndruru', 'Karyawan YPTN & Solafide', 'Fakultas Ekonomika dan Bisnis', 'Perpajakan', '2025', '', '', '', '', 'ndrurututi@gmail.com', '2025-11-23 13:37:16'),
(105, '123250046', 'Yofita Selviana Waruwu', 'Karyawan YPTN & Solafide', 'Fakultas Ekonomika dan Bisnis', 'Perpajakan', '2025', '', '', '', '', '', '2025-11-23 13:37:16'),
(106, '123250047', 'Lismen Tedi Arfin Zalukhu', 'Karyawan YPTN & Solafide', 'Fakultas Ekonomika dan Bisnis', 'Perpajakan', '2025', '', '', '', '', '', '2025-11-23 13:37:16'),
(107, '123250048', 'Anas Thasya C. Sundapi', 'Karyawan YPTN & Solafide', 'Fakultas Ekonomika dan Bisnis', 'Perpajakan', '2025', '', '', '', '', '', '2025-11-23 13:37:16'),
(108, '123250049', 'Nopensius Horiyanto', 'Karyawan YPTN & Solafide', 'Fakultas Ekonomika dan Bisnis', 'Perpajakan', '2025', '', '', '', '', 'nopensiuhorianto@gmail.com', '2025-11-23 13:37:16'),
(109, '123250050', 'Yusman Kristiani Zai', 'Karyawan YPTN & Solafide', 'Fakultas Ekonomika dan Bisnis', 'Perpajakan', '2025', '', '', '', '', 'yusmanzai25@gmal.com', '2025-11-23 13:37:16'),
(110, '123250051', 'Fatemanasokhi Ndruru', 'Karyawan YPTN & Solafide', 'Fakultas Ekonomika dan Bisnis', 'Perpajakan', '2025', '', '', '', '', '', '2025-11-23 13:37:16'),
(111, '123250052', 'Mitasari Telaumbanua', 'Karyawan YPTN & Solafide', 'Fakultas Ekonomika dan Bisnis', 'Perpajakan', '2025', '', '', '', '', 'Mitasaritel4@gmail.com', '2025-11-23 13:37:16'),
(112, '123250053', 'Jelditon Zai', 'Karyawan YPTN & Solafide', 'Fakultas Ekonomika dan Bisnis', 'Perpajakan', '2025', '', '', '', '', 'jelditonz@gmail.com', '2025-11-23 13:37:16'),
(113, '123250054', 'Afrizal Laia', 'Karyawan YPTN & Solafide', 'Fakultas Ekonomika dan Bisnis', 'Perpajakan', '2025', '', '', '', '', 'rendilaia.152@gmail.com', '2025-11-23 13:37:16'),
(114, '123250055', 'Indah Mei Putri Yani Nazara', 'Karyawan YPTN & Solafide', 'Fakultas Ekonomika dan Bisnis', 'Perpajakan', '2025', '', '', '', '', 'indahmeinazara@gmail.com', '2025-11-23 13:37:16'),
(115, '123250056', 'Ester Yuniman Gulo', 'Karyawan YPTN & Solafide', 'Fakultas Ekonomika dan Bisnis', 'Perpajakan', '2025', '', '', '', '', 'esteryunimangull@gmail.com', '2025-11-23 13:37:16'),
(116, '123250057', 'Wenny Kartina Sari Gea', 'Karyawan YPTN & Solafide', 'Fakultas Ekonomika dan Bisnis', 'Perpajakan', '2025', '', '', '', '', 'wennykarsgea@gmail.com', '2025-11-23 13:37:16'),
(117, '123250058', 'Arizaya Zai', 'Karyawan YPTN & Solafide', 'Fakultas Ekonomika dan Bisnis', 'Perpajakan', '2025', '', '', '', '', 'arizayazai0@gmail.com', '2025-11-23 13:37:16'),
(118, '123250060', 'Triska Ningsih Gulo', 'Karyawan YPTN & Solafide', 'Fakultas Ekonomika dan Bisnis', 'Perpajakan', '2025', '', '', '', '', 'triskaningsihgulo@gmail.com', '2025-11-23 13:37:16'),
(119, '123250061', 'Vita Anastasya Lodong', 'Karyawan YPTN & Solafide', 'Fakultas Ekonomika dan Bisnis', 'Perpajakan', '2025', '', '', '', '', 'tasyalodonh748@gmail.com', '2025-11-23 13:37:16'),
(120, '123250062', 'Lara Supiana Maliga', 'Karyawan YPTN & Solafide', 'Fakultas Ekonomika dan Bisnis', 'Perpajakan', '2025', '', '', '', '', 'larasupiana@gmail.com', '2025-11-23 13:37:16'),
(121, '123250063', 'Angel Permata Sari Telaumbanua', 'Karyawan YPTN & Solafide', 'Fakultas Ekonomika dan Bisnis', 'Perpajakan', '2025', '', '', '', '', 'angeltel66@gmail.com', '2025-11-23 13:37:16'),
(122, '123250064', 'Enderland Hondo', 'Karyawan YPTN & Solafide', 'Fakultas Ekonomika dan Bisnis', 'Perpajakan', '2025', '', '', '', '', 'land160707@gmail.com', '2025-11-23 13:37:16'),
(123, '123250065', 'Clara Sasta Dian Hanna Grace Gowasa', 'Karyawan YPTN & Solafide', 'Fakultas Ekonomika dan Bisnis', 'Perpajakan', '2025', '', '', '', '', 'clarasastagowasa@gmail.com', '2025-11-23 13:37:16'),
(124, '123250066', 'Dewi Kristiani Buaya', 'Karyawan YPTN & Solafide', 'Fakultas Ekonomika dan Bisnis', 'Perpajakan', '2025', '', '', '', '', 'dewikristianibuaya@gmail.com', '2025-11-23 13:37:16'),
(125, '123250067', 'Serius Gulo', 'Karyawan YPTN & Solafide', 'Fakultas Ekonomika dan Bisnis', 'Perpajakan', '2025', '', '', '', '', 'guloserius17@gmail.com', '2025-11-23 13:37:16'),
(126, '123250068', 'Jonatan Aronia Zebua', 'Karyawan YPTN & Solafide', 'Fakultas Ekonomika dan Bisnis', 'Perpajakan', '2025', '', '', '', '', 'Jzebua354@gmail.com', '2025-11-23 13:37:16'),
(127, '123250069', 'Seliman Harefa', 'Karyawan YPTN & Solafide', 'Fakultas Ekonomika dan Bisnis', 'Perpajakan', '2025', '', '', '', '', '', '2025-11-23 13:37:16'),
(128, '123250070', 'Alex Sander Laoli', 'Karyawan YPTN & Solafide', 'Fakultas Ekonomika dan Bisnis', 'Perpajakan', '2025', '', '', '', '', 'alexsanderlaoli890@gmail.com', '2025-11-23 13:37:16'),
(129, '123250071', 'Jerisman Ndruru', 'Karyawan YPTN & Solafide', 'Fakultas Ekonomika dan Bisnis', 'Perpajakan', '2025', '', '', '', '', 'jerismannduru6@gmail.com', '2025-11-23 13:37:16'),
(130, '123250072', 'Andriansyah Telaumbanua', 'Karyawan YPTN & Solafide', 'Fakultas Ekonomika dan Bisnis', 'Perpajakan', '2025', '', '', '', '', 'andritel947@gmail.com', '2025-11-23 13:37:16'),
(131, '123250073', 'Imannuel Laoli', 'Karyawan YPTN & Solafide', 'Fakultas Ekonomika dan Bisnis', 'Perpajakan', '2025', '', '', '', '', 'limanuel478@gmail.com', '2025-11-23 13:37:16'),
(132, '123250074', 'Elsa Karya Ningsih Telaumbanua', 'Karyawan YPTN & Solafide', 'Fakultas Ekonomika dan Bisnis', 'Perpajakan', '2025', '', '', '', '', 'elsatelaumbanua98@gmail.com', '2025-11-23 13:37:16'),
(133, '123250075', 'Andes Motani Nazara', 'Karyawan YPTN & Solafide', 'Fakultas Ekonomika dan Bisnis', 'Perpajakan', '2025', '', '', '', '', '', '2025-11-23 13:37:16'),
(134, '123250076', 'Kristian Madani Nazara', 'Karyawan YPTN & Solafide', 'Fakultas Ekonomika dan Bisnis', 'Perpajakan', '2025', '', '', '', '', 'amaandesnazara@gmail.com', '2025-11-23 13:37:16'),
(135, '123250077', 'Mar Two Gemparis Laoli', 'Karyawan YPTN & Solafide', 'Fakultas Ekonomika dan Bisnis', 'Perpajakan', '2025', '', '', '', '', '', '2025-11-23 13:37:16'),
(136, '123250078', 'Chelsia Mendrofa', 'Karyawan YPTN & Solafide', 'Fakultas Ekonomika dan Bisnis', 'Perpajakan', '2025', '', '', '', '', 'chelsiamendr@gmail.com', '2025-11-23 13:37:16'),
(137, '123250079', 'Aprilia Geovani Mendrofa', 'Karyawan YPTN & Solafide', 'Fakultas Ekonomika dan Bisnis', 'Perpajakan', '2025', '', '', '', '', 'aprilliamendrofa@gmail.com', '2025-11-23 13:37:16'),
(138, '123250080', 'Celsi Juwita Gulo', 'Karyawan YPTN & Solafide', 'Fakultas Ekonomika dan Bisnis', 'Perpajakan', '2025', '', '', '', '', 'celsijuwitagulo@gmail.com', '2025-11-23 13:37:16'),
(139, '121210062', 'Tirsa Natalia Saroinsong', 'Reguler Pagi', 'Fakultas Ekonomika dan Bisnis', 'Manajemen', '2021', '', '', '', '', 'trsantlia19@gmail.com', '2025-11-23 13:37:16'),
(140, '121240041', 'Muhammad Farrel Fahrezi', 'Reguler Pagi', 'Fakultas Ekonomika dan Bisnis', 'Manajemen', '2024', '', '', '', '', 'fahrezifarrel880@gmail.com', '2025-11-23 13:37:16'),
(141, '121240052', 'Naina Putri Alissha', 'Reguler Pagi', 'Fakultas Ekonomika dan Bisnis', 'Manajemen', '2024', '', '', '', '', 'nainaalissha@gmail.com', '2025-11-23 13:37:16'),
(142, '121240019', 'Frischa Refgiani', 'Reguler Pagi', 'Fakultas Ekonomika dan Bisnis', 'Manajemen', '2024', '', '', '', '', 'Frischarefgiani@gmail.com', '2025-11-23 13:37:16'),
(144, '121240008', 'Zefanya Amabell Evelyn', 'Reguler Pagi', 'Fakultas Ekonomika dan Bisnis', 'Manajemen', '2024', '', '', '', '', 'evellyyn02@gmail.com', '2025-11-23 13:37:16'),
(145, '121240043', 'Christofer Robianto', 'Reguler Pagi', 'Fakultas Ekonomika dan Bisnis', 'Manajemen', '2024', '', '', '', '', 'Chrestoferrrobianto@gmail.com', '2025-11-23 13:37:16'),
(146, '121240026', 'Ferdi Danung Ramandhana', 'Reguler Pagi', 'Fakultas Ekonomika dan Bisnis', 'Manajemen', '2024', '', '', '', '', 'ferdimm474@gmail.com', '2025-11-23 13:37:16'),
(147, '121250087', 'Marsha Najwa Pramesthi', 'Reguler Pagi', 'Fakultas Ekonomika dan Bisnis', 'Manajemen', '2025', '', '', '', '', 'marshapramesthi084@gmail.com', '2025-11-23 13:37:16'),
(148, '121250086', 'Abidah Huwaida Muna', 'Reguler Pagi', 'Fakultas Ekonomika dan Bisnis', 'Manajemen', '2025', '', '', '', '', 'abidahofficial574@gmail.com', '2025-11-23 13:37:16'),
(149, '121250061', 'Selviani Halus', 'Reguler Pagi', 'Fakultas Ekonomika dan Bisnis', 'Manajemen', '2025', '', '', '', '', 'selvianihalus@gmail.com', '2025-11-23 13:37:16'),
(150, '121250052', 'Sardinata Bastiar', 'Reguler Pagi', 'Fakultas Ekonomika dan Bisnis', 'Manajemen', '2025', '', '', '', '', 'bastiarreba@gmail.com', '2025-11-23 13:37:16'),
(151, '121250072', 'Muhammad Arya Damar', 'Reguler Pagi', 'Fakultas Ekonomika dan Bisnis', 'Manajemen', '2025', '', '', '', '', 'aryaadamar16@gmail.com', '2025-11-23 13:37:16'),
(152, '121250041', 'Dita Ayu Anggraini', 'Reguler Pagi', 'Fakultas Ekonomika dan Bisnis', 'Manajemen', '2025', '', '', '', '', 'ditaayuanggraini30@gmail.com', '2025-11-23 13:37:16'),
(153, '121250051', 'Nurma Lastika', 'Reguler Pagi', 'Fakultas Ekonomika dan Bisnis', 'Manajemen', '2025', '', '', '', '', 'nurmalastika@gmail.com', '2025-11-23 13:37:16'),
(154, '121250063', 'Safriana Said', 'Reguler Pagi', 'Fakultas Ekonomika dan Bisnis', 'Manajemen', '2025', '', '', '', '', 'safrianasaid@gmail.com', '2025-11-23 13:37:16'),
(155, '121250076', 'Rizky Satrio Wibowo', 'Reguler Pagi', 'Fakultas Ekonomika dan Bisnis', 'Manajemen', '2025', '', '', '', '', 'rrizhiiept2@gmail.com', '2025-11-23 13:37:16'),
(156, '121250054', 'Yohana Febriani Tesi', 'Reguler Pagi', 'Fakultas Ekonomika dan Bisnis', 'Manajemen', '2025', '', '', '', '', 'yohanafebriani9@gmail.com', '2025-11-23 13:37:16'),
(157, '121250059', 'Yuliana Sulastri Lita', 'Reguler Pagi', 'Fakultas Ekonomika dan Bisnis', 'Manajemen', '2025', '', '', '', '', 'atiksidin@gmail.com', '2025-11-23 13:37:16'),
(158, '121250049', 'Lovelly Zuni Wahyunita Sari', 'Reguler Pagi', 'Fakultas Ekonomika dan Bisnis', 'Manajemen', '2025', '', '', '', '', 'nitaaja330@gmail.com', '2025-11-23 13:37:16'),
(159, '121250089', 'Handy Andika', 'Reguler Pagi', 'Fakultas Ekonomika dan Bisnis', 'Manajemen', '2025', '', '', '', '', 'handyandika04@gmail.com', '2025-11-23 13:37:16'),
(160, '121250044', 'Nur Hafni Putri Herlambang', 'Reguler Pagi', 'Fakultas Ekonomika dan Bisnis', 'Manajemen', '2025', '', '', '', '', 'ikoocheii@gmail.com', '2025-11-23 13:37:16'),
(161, '121250077', 'Arya Ahmad Fakhrozi', 'Reguler Pagi', 'Fakultas Ekonomika dan Bisnis', 'Manajemen', '2025', '', '', '', '', 'xblitz86@gmail.com', '2025-11-23 13:37:16'),
(162, '121250081', 'Ilham Nafis Saifudin', 'Reguler Pagi', 'Fakultas Ekonomika dan Bisnis', 'Manajemen', '2025', '', '', '', '', 'nafisilham57@gmail.com', '2025-11-23 13:37:16'),
(163, '121250091', 'Ronal Tulus Parasian Silaban', 'Reguler Pagi', 'Fakultas Ekonomika dan Bisnis', 'Manajemen', '2025', '', '', '', '', 'ronaltulus10@gmail.com', '2025-11-23 13:37:16'),
(164, '121250056', 'Evilda Bahagia Baus', 'Reguler Pagi', 'Fakultas Ekonomika dan Bisnis', 'Manajemen', '2025', '', '', '', '', 'vildabahagia@gmail.com', '2025-11-23 13:37:16'),
(165, '121250050', 'Sinta Zahrotun Nabilla', 'Reguler Pagi', 'Fakultas Ekonomika dan Bisnis', 'Manajemen', '2025', '', '', '', '', 'sintabillanabillaww@gmail.com', '2025-11-23 13:37:16'),
(166, '121250060', 'Febrianus S.Efendi Agut', 'Reguler Pagi', 'Fakultas Ekonomika dan Bisnis', 'Manajemen', '2025', '', '', '', '', 'efendyagut7@gmail.com', '2025-11-23 13:37:16'),
(167, '121250046', 'Syakira Sevila Ananta', 'Reguler Pagi', 'Fakultas Ekonomika dan Bisnis', 'Manajemen', '2025', '', '', '', '', 'clysya24@gmail.com', '2025-11-23 13:37:16'),
(168, '121250073', 'Arlin Intan Aulia', 'Reguler Pagi', 'Fakultas Ekonomika dan Bisnis', 'Manajemen', '2025', '', '', '', '', 'linintan367@gmail.com', '2025-11-23 13:37:16'),
(169, '121250084', 'Della Selsy Maharani', 'Reguler Pagi', 'Fakultas Ekonomika dan Bisnis', 'Manajemen', '2025', '', '', '', '', 'dellaselsy@gmail.com', '2025-11-23 13:37:16'),
(170, '121250057', 'Fitriana Sul', 'Reguler Pagi', 'Fakultas Ekonomika dan Bisnis', 'Manajemen', '2025', '', '', '', '', 'fitriana21072006@gmail.com', '2025-11-23 13:37:16'),
(171, '121250058', 'Yulita Efrania Putri', 'Reguler Pagi', 'Fakultas Ekonomika dan Bisnis', 'Manajemen', '2025', '', '', '', '', 'efraputry@gmail.com', '2025-11-23 13:37:16'),
(172, '121250062', 'Mariana Sintiana Dihut', 'Reguler Pagi', 'Fakultas Ekonomika dan Bisnis', 'Manajemen', '2025', '', '', '', '', 'marianasintianadihut@gmail.com', '2025-11-23 13:37:16'),
(173, '121250067', 'Rijal Irawan', 'Reguler Pagi', 'Fakultas Ekonomika dan Bisnis', 'Manajemen', '2025', '', '', '', '', 'rizalirawan3112@gmail.com', '2025-11-23 13:37:16'),
(174, '121250055', 'Alkuinius Sutanto', 'Reguler Pagi', 'Fakultas Ekonomika dan Bisnis', 'Manajemen', '2025', '', '', '', '', 'alkuiniusalkuiniusalkuiniusalk@gmail.com', '2025-11-23 13:37:16'),
(175, '121250053', 'Melania Salvina Miranti', 'Reguler Pagi', 'Fakultas Ekonomika dan Bisnis', 'Manajemen', '2025', '', '', '', '', 'melanmiranti25@gmail.com', '2025-11-23 13:37:16'),
(176, '121250093', 'Siti Lira Helmasari', 'Reguler Pagi', 'Fakultas Ekonomika dan Bisnis', 'Manajemen', '2025', '', '', '', '', 'sitilira30@gmail.com', '2025-11-23 13:37:16'),
(177, '121250092', 'Yusak Candra Renaldi', 'Reguler Pagi', 'Fakultas Ekonomika dan Bisnis', 'Manajemen', '2025', '', '', '', '', 'yusakcandrarenaldi@gmail.com', '2025-11-23 13:37:16'),
(178, '121250045', 'Alouisius Rafael Bagus Aditya', 'Reguler Pagi', 'Fakultas Ekonomika dan Bisnis', 'Manajemen', '2025', '', '', '', '', 'rafelditya1@gmail.com', '2025-11-23 13:37:16'),
(179, '121250043', 'Fiyya Arsalta', 'Reguler Pagi', 'Fakultas Ekonomika dan Bisnis', 'Manajemen', '2025', '', '', '', '', 'fiyyaarslt@gmail.com', '2025-11-23 13:37:16'),
(180, '121250042', 'Andreian Maulana', 'Reguler Pagi', 'Fakultas Ekonomika dan Bisnis', 'Manajemen', '2025', '', '', '', '', 'nikendesta157@gmail.com', '2025-11-23 13:37:16'),
(181, '121250094', 'Kayla Cahya Fatiha', 'Reguler Pagi', 'Fakultas Ekonomika dan Bisnis', 'Manajemen', '2025', '', '', '', '', 'kaylacahya1604@gmail.com', '2025-11-23 13:37:16'),
(182, '121250066', 'Alberta Pangestika Silvera Putri', 'Reguler Pagi', 'Fakultas Ekonomika dan Bisnis', 'Manajemen', '2025', '', '', '', '', 'silveraputriii@gmail.com', '2025-11-23 13:37:16'),
(183, '121250085', 'Tutik Hidayah', 'Reguler Pagi', 'Fakultas Ekonomika dan Bisnis', 'Manajemen', '2025', '', '', '', '', 'thidayah266@gmail.com', '2025-11-23 13:37:16'),
(184, '121250039', 'Faiza Sabrina', 'Reguler Pagi', 'Fakultas Ekonomika dan Bisnis', 'Manajemen', '2025', '', '', '', '', 'faizasabrina3@gmail.com', '2025-11-23 13:37:16'),
(185, '121250070', 'Martha Widyarni Halawa', 'Reguler Pagi', 'Fakultas Ekonomika dan Bisnis', 'Manajemen', '2025', '', '', '', '', 'widyahalawa4@gmail.com', '2025-11-23 13:37:16'),
(186, '121250048', 'Sa\'Diah', 'Reguler Pagi', 'Fakultas Ekonomika dan Bisnis', 'Manajemen', '2025', '', '', '', '', 'diaahsaa.08@gmail.com', '2025-11-23 13:37:16'),
(187, '121250090', 'Rahmadhani Tri Hapsari', 'Reguler Pagi', 'Fakultas Ekonomika dan Bisnis', 'Manajemen', '2025', '', '', '', '', 'rahmadhanith@gmail.com', '2025-11-23 13:37:16'),
(188, '121250065', 'Agata Kustanti', 'Reguler Pagi', 'Fakultas Ekonomika dan Bisnis', 'Manajemen', '2025', '', '', '', '', 'agatakustanti@gmail.com', '2025-11-23 13:37:16'),
(189, '121250083', 'Cheryl Olivia Istiqomah', 'Reguler Pagi', 'Fakultas Ekonomika dan Bisnis', 'Manajemen', '2025', '', '', '', '', 'cherylolivia366@gmail.com', '2025-11-23 13:37:16'),
(190, '121250079', 'Zafi Ahmad Azhimah', 'Reguler Pagi', 'Fakultas Ekonomika dan Bisnis', 'Manajemen', '2025', '', '', '', '', 'Zafiahmad05@gmail.com', '2025-11-23 13:37:16'),
(191, '121250078', 'Adriano Budi Pratama', 'Reguler Pagi', 'Fakultas Ekonomika dan Bisnis', 'Manajemen', '2025', '', '', '', '', 'andreindonesia57@gmail.com', '2025-11-23 13:37:16'),
(192, '121250071', 'Jonathan Christian Panggabean', 'Reguler Pagi', 'Fakultas Ekonomika dan Bisnis', 'Manajemen', '2025', '', '', '', '', 'jonathanchristianpangabean@gmail.com', '2025-11-23 13:37:16'),
(193, '121250012', 'Yosanda Mulia Adi Cantika', 'Reguler Pagi', 'Fakultas Ekonomika dan Bisnis', 'Manajemen', '2025', '', '', '', '', '121250012@student.unaki.ac.id', '2025-11-23 13:37:16'),
(194, '121250005', 'Muhamad Nabil Arafah Nugroho', 'Reguler Pagi', 'Fakultas Ekonomika dan Bisnis', 'Manajemen', '2025', '', '', '', '', 'nabilarafah115@gmail.com', '2025-11-23 13:37:16'),
(195, '121250011', 'Jessica Aurelia Kristanto', 'Reguler Pagi', 'Fakultas Ekonomika dan Bisnis', 'Manajemen', '2025', '', '', '', '', 'jessicarll123@gmail.com', '2025-11-23 13:37:16'),
(196, '121250007', 'Uke Nur Indahsari', 'Reguler Pagi', 'Fakultas Ekonomika dan Bisnis', 'Manajemen', '2025', '', '', '', '', 'ukenur5@gmail.com', '2025-11-23 13:37:16'),
(197, '121250068', 'Erika Ayu Novalia', 'Reguler Pagi', 'Fakultas Ekonomika dan Bisnis', 'Manajemen', '2025', '', '', '', '', 'erikayu026@gmail.com', '2025-11-23 13:37:16'),
(198, '121250064', 'Vidya Vebriola', 'Reguler Pagi', 'Fakultas Ekonomika dan Bisnis', 'Manajemen', '2025', '', '', '', '', 'vebriolavidya@gmail.com', '2025-11-23 13:37:16'),
(199, '121250074', 'Yoshua Orlando', 'Reguler Pagi', 'Fakultas Ekonomika dan Bisnis', 'Manajemen', '2025', '', '', '', '', 'yosuamim@gmail.com', '2025-11-23 13:37:16'),
(200, '121240018', 'Andini Nasa Nurlita', 'Reguler Pagi', 'Fakultas Ekonomika dan Bisnis', 'Manajemen', '2024', '', '', '', '', 'andininasal@gmail.com', '2025-11-23 13:37:16'),
(201, '121250006', 'Godfried Mario Sarbunan', 'Reguler Pagi', 'Fakultas Ekonomika dan Bisnis', 'Manajemen', '2025', '', '', '', '', 'sarbunanmario@gmail.com', '2025-11-23 13:37:16'),
(202, '121240044', 'Hafid Hendriasnyah', 'Reguler Pagi', 'Fakultas Ekonomika dan Bisnis', 'Manajemen', '2024', '', '', '', '', 'hafid.oks07@gmail.com', '2025-11-23 13:37:16'),
(203, '121250145', 'Izaz Freefallino Afif', 'Reguler Pagi', 'Fakultas Ekonomika dan Bisnis', 'Manajemen', '2025', '', '', '', '', 'xenozen5@gmail.com', '2025-11-23 13:37:16'),
(204, '123240011', 'Amiatussoimah', 'Reguler Pagi', 'Fakultas Ekonomika dan Bisnis', 'Perpajakan', '2024', '', '', '', '', 'amiisoim6@gmail.com', '2025-11-23 13:37:16'),
(205, '123240088', 'Raditya Wisnu Alvarez', 'Reguler Pagi', 'Fakultas Ekonomika dan Bisnis', 'Perpajakan', '2024', '', '', '', '', 'wisnuraditya59@gmail.com', '2025-11-23 13:37:16'),
(206, '123240006', 'Kezia Risna Matgaret Zai', 'Reguler Pagi', 'Fakultas Ekonomika dan Bisnis', 'Perpajakan', '2024', '', '', '', '', '123240006@student.unaki.ac.id', '2025-11-23 13:37:16'),
(207, '123240021', 'Pitter Pebrieli Yeremia', 'Reguler Pagi', 'Fakultas Ekonomika dan Bisnis', 'Perpajakan', '2024', '', '', '', '', 'Pitteryermia@gmail.com', '2025-11-23 13:37:16'),
(208, '123240022', 'Gigih Saputra', 'Reguler Pagi', 'Fakultas Ekonomika dan Bisnis', 'Perpajakan', '2024', '', '', '', '', 'saputragigih2@gmail.com', '2025-11-23 13:37:16'),
(209, '123250019', 'Carmelia Echansa Fosti', 'Reguler Pagi', 'Fakultas Ekonomika dan Bisnis', 'Perpajakan', '2025', '', '', '', '', 'carmeliaechansafosti@gmail.com', '2025-11-23 13:37:16'),
(210, '123250026', 'Rita Lestari', 'Reguler Pagi', 'Fakultas Ekonomika dan Bisnis', 'Perpajakan', '2025', '', '', '', '', 'ritatarii06@gmail.com', '2025-11-23 13:37:16'),
(212, '123250016', 'Ignasius Irfanto', 'Reguler Pagi', 'Fakultas Ekonomika dan Bisnis', 'Perpajakan', '2025', '', '', '', '', 'ignasiusirfanto@gmail.com', '2025-11-23 13:37:16'),
(213, '123250017', 'Rofina Nelcila Dosom', 'Reguler Pagi', 'Fakultas Ekonomika dan Bisnis', 'Perpajakan', '2025', '', '', '', '', 'rofinaneciladosom@gmail.com', '2025-11-23 13:37:16'),
(215, '123250025', 'Paulina Dinny Grecia', 'Reguler Pagi', 'Fakultas Ekonomika dan Bisnis', 'Perpajakan', '2025', '', '', '', '', 'greciagrecia250907@gmail.com', '2025-11-23 13:37:16'),
(218, '123250030', 'Titi Sumarni Silalahi', 'Reguler Pagi', 'Fakultas Ekonomika dan Bisnis', 'Perpajakan', '2025', '', '', '', '', 'titisumarnisilalahi99@gmail.com', '2025-11-23 13:37:16'),
(220, '123250021', 'Deldiyani Zai', 'Reguler Pagi', 'Fakultas Ekonomika dan Bisnis', 'Perpajakan', '2025', '', '', '', '', 'zaideldiyani@gmail.com', '2025-11-23 13:37:16'),
(221, '123250028', 'Imelda Elisabeth Zai', 'Reguler Pagi', 'Fakultas Ekonomika dan Bisnis', 'Perpajakan', '2025', '', '', '', '', 'elisabethzaiimelda@gmail.com', '2025-11-23 13:37:16'),
(222, '123250003', 'Janice Sevania', 'Reguler Pagi', 'Fakultas Ekonomika dan Bisnis', 'Perpajakan', '2025', '', '', '', '', 'sevaniajanice70@gmail.com', '2025-11-23 13:37:16'),
(223, '123250024', 'Selae', 'Reguler Pagi', 'Fakultas Ekonomika dan Bisnis', 'Perpajakan', '2025', '', '', '', '', 'angelinanstn@gmail.com', '2025-11-23 13:37:16'),
(224, '122240012', 'Adisti Kumala Putri', 'Reguler Pagi', 'Fakultas Ekonomika dan Bisnis', 'Akuntansi', '2024', '', '', '', '', 'adistikumala024@gmail.com', '2025-11-23 13:37:16'),
(225, '122240018', 'Astria Livi Tarigas', 'Reguler Pagi', 'Fakultas Ekonomika dan Bisnis', 'Akuntansi', '2024', '', '', '', '', 'Liviastria72@gmail.com', '2025-11-23 13:37:16'),
(226, '122240027', 'Yoga Estu Bima Arisandi', 'Reguler Pagi', 'Fakultas Ekonomika dan Bisnis', 'Akuntansi', '2024', '', '', '', '', 'Yogaestu61@gmail.com', '2025-11-23 13:37:16'),
(227, '122240004', 'Trivena Anita Zega', 'Reguler Pagi', 'Fakultas Ekonomika dan Bisnis', 'Akuntansi', '2024', '', '', '', '', 'zegatrivena@gmail.com', '2025-11-23 13:37:16'),
(228, '122240016', 'Via Ayu Sri Rahmawati', 'Reguler Pagi', 'Fakultas Ekonomika dan Bisnis', 'Akuntansi', '2024', '', '', '', '', 'viaa85032@gmail.com', '2025-11-23 13:37:16'),
(229, '122240049', 'Olga Nadia', 'Reguler Pagi', 'Fakultas Ekonomika dan Bisnis', 'Akuntansi', '2024', '', '', '', '', 'olnad810@gmail.com', '2025-11-23 13:37:16'),
(231, '122250033', 'Sherly Naya Anggraena', 'Reguler Pagi', 'Fakultas Ekonomika dan Bisnis', 'Akuntansi', '2025', '', '', '', '', 'nayaanggraena@gmail.com', '2025-11-23 13:37:16'),
(233, '223250025', 'Youan Mars Albert Christian', 'Reguler Pagi', 'Fakultas Teknik dan Informatika', 'Teknik Informatika', '2025', '', '', '', '', 'youanjpr8@gmail.com', '2025-11-23 13:37:16'),
(234, '122250034', 'Shiva Rika Aprilia', 'Reguler Pagi', 'Fakultas Ekonomika dan Bisnis', 'Akuntansi', '2025', '', '', '', '', 'rikashiva308@gmail.com', '2025-11-23 13:37:16'),
(235, '122250035', 'Reva Rotul Qoir', 'Reguler Pagi', 'Fakultas Ekonomika dan Bisnis', 'Akuntansi', '2025', '', '', '', '', 'revarotul04@gmail.com', '2025-11-23 13:37:16'),
(237, '122250024', 'Adimas Raiha Isyanto', 'Reguler Pagi', 'Fakultas Ekonomika dan Bisnis', 'Akuntansi', '2025', '', '', '', '', 'ffdimas033@gmail.com', '2025-11-23 13:37:16'),
(238, '122250026', 'Desni Trihartati Ndraha', 'Reguler Pagi', 'Fakultas Ekonomika dan Bisnis', 'Akuntansi', '2025', '', '', '', '', 'desnitrihartatindraha@gmail.com', '2025-11-23 13:37:16'),
(239, '122250019', 'Elisabet Sandora', 'Reguler Pagi', 'Fakultas Ekonomika dan Bisnis', 'Akuntansi', '2025', '', '', '', '', 'sandoraelisabet02@gmail.com', '2025-11-23 13:37:16'),
(240, '122250022', 'Yohanes Juang', 'Reguler Pagi', 'Fakultas Ekonomika dan Bisnis', 'Akuntansi', '2025', '', '', '', '', 'yenjuang3@gmail.com', '2025-11-23 13:37:16'),
(241, '122250023', 'Yulianus Ongki Argosa', 'Reguler Pagi', 'Fakultas Ekonomika dan Bisnis', 'Akuntansi', '2025', '', '', '', '', 'sandroargosa350@gmail.com', '2025-11-23 13:37:16'),
(243, '122250020', 'Florensia Astuti Endang', 'Reguler Pagi', 'Fakultas Ekonomika dan Bisnis', 'Akuntansi', '2025', '', '', '', '', 'endangflorensia@gmail.com', '2025-11-23 13:37:16'),
(244, '122250031', 'Bagaswara Bayu Pamungkas', 'Reguler Pagi', 'Fakultas Ekonomika dan Bisnis', 'Akuntansi', '2025', '', '', '', '', 'banyupamungkas08@gmail.com', '2025-11-23 13:37:16'),
(245, '122250002', 'Michelle Chrisdania', 'Reguler Pagi', 'Fakultas Ekonomika dan Bisnis', 'Akuntansi', '2025', '', '', '', '', 'michellechris2712@gmail.com', '2025-11-23 13:37:16'),
(256, '122250018', 'Fedrik Sampurna Susanto', 'Reguler Pagi', 'Fakultas Ekonomika dan Bisnis', 'Akuntansi', '2025', '', '', '', '', 'fedrik123sampurna@gmail.com', '2025-11-23 13:37:16'),
(257, '122250036', 'Sasgina Indriwaty', 'Reguler Pagi', 'Fakultas Ekonomika dan Bisnis', 'Akuntansi', '2025', '', '', '', '', 'sasginagina@gmail.com', '2025-11-23 13:37:16'),
(258, '122250032', 'Juneo Adi Syahputra', 'Reguler Pagi', 'Fakultas Ekonomika dan Bisnis', 'Akuntansi', '2025', '', '', '', '', 'juneosyahputra76@gmail.com', '2025-11-23 13:37:16'),
(259, '122250043', 'Olimo Jenius Simbolon', 'Reguler Pagi', 'Fakultas Ekonomika dan Bisnis', 'Akuntansi', '2025', '', '', '', '', 'olimoaf36@gmail.com', '2025-11-23 13:37:16'),
(260, '122250021', 'Sabinus Kendi Rainer', 'Reguler Pagi', 'Fakultas Ekonomika dan Bisnis', 'Akuntansi', '2025', '', '', '', '', 'kendirainer2@gmail.com', '2025-11-23 13:37:16'),
(261, '122250004', 'Reva Wijayani', 'Reguler Pagi', 'Fakultas Ekonomika dan Bisnis', 'Akuntansi', '2025', '', '', '', '', 'revawijayani@gmail.com', '2025-11-23 13:37:16'),
(262, '122250003', 'Reisya Verana Diandra Putri Setiawan', 'Reguler Pagi', 'Fakultas Ekonomika dan Bisnis', 'Akuntansi', '2025', '', '', '', '', 'reisyaveranais15@gmail.com', '2025-11-23 13:37:16'),
(263, '122250030', 'Naufal Evandra Aryasatya', 'Reguler Pagi', 'Fakultas Ekonomika dan Bisnis', 'Akuntansi', '2025', '', '', '', '', 'naufalevandraaryasatya@gmail.com', '2025-11-23 13:37:16'),
(264, '122250028', 'Keiza Nathalina Haryanto', 'Reguler Pagi', 'Fakultas Ekonomika dan Bisnis', 'Akuntansi', '2025', '', '', '', '', 'keiza18121997@gmail.com', '2025-11-23 13:37:16'),
(265, '122250029', 'Anggrayni Putri Hondro', 'Reguler Pagi', 'Fakultas Ekonomika dan Bisnis', 'Akuntansi', '2025', '', '', '', '', 'anggraynihondro@gmail.com', '2025-11-23 13:37:16'),
(267, '122250017', 'Athifah Shafa Veidianto', 'Reguler Pagi', 'Fakultas Ekonomika dan Bisnis', 'Akuntansi', '2025', '', '', '', '', 'shafaasha06@gmail.com', '2025-11-23 13:37:16'),
(268, '122250027', 'Ima', 'Reguler Pagi', 'Fakultas Ekonomika dan Bisnis', 'Akuntansi', '2025', '', '', '', '', 'Ima29732@gmail.com', '2025-11-23 13:37:16'),
(269, '122250001', 'Farrell Stefanno Gunawan', 'Reguler Pagi', 'Fakultas Ekonomika dan Bisnis', 'Akuntansi', '2025', '', '', '', '', 'stefannofarrell@gmail.com', '2025-11-23 13:37:16'),
(270, '521240056', 'Ravelina Pinkan Nurmalajany', 'Reguler Pagi', 'Fakultas Psikologi', 'Psikologi', '2024', '', '', '', '', 'ravelinadmk@gmail.com', '2025-11-23 13:37:16'),
(271, '521240058', 'Anta Safira', 'Reguler Pagi', 'Fakultas Psikologi', 'Psikologi', '2024', '', '', '', '', 'viraantasafira@gmail.com', '2025-11-23 13:37:16'),
(272, '521240064', 'Rida Aisha Azalia', 'Reguler Pagi', 'Fakultas Psikologi', 'Psikologi', '2024', '', '', '', '', 'ridaaisa9@gmail.com', '2025-11-23 13:37:16'),
(273, '521240040', 'Vebriani Mahulae', 'Reguler Pagi', 'Fakultas Psikologi', 'Psikologi', '2024', '', '', '', '', 'vebrianimahulae@gmail.com', '2025-11-23 13:37:16'),
(274, '521240039', 'Nur Aisyah', 'Reguler Pagi', 'Fakultas Psikologi', 'Psikologi', '2024', '', '', '', '', 'nuraisyah61104@gmail.com', '2025-11-23 13:37:16'),
(275, '521250090', 'Akmal Fahmi Amrullah', 'Reguler Pagi', 'Fakultas Psikologi', 'Psikologi', '2025', '', '', '', '', 'akmalfahmi743@gmail.com', '2025-11-23 13:37:16'),
(276, '521250066', 'Amal Ramadhan', 'Reguler Pagi', 'Fakultas Psikologi', 'Psikologi', '2025', '', '', '', '', 'amalramadhan2006@gmail.com', '2025-11-23 13:37:16'),
(277, '521250089', 'Velina Mulki Vinanta', 'Reguler Pagi', 'Fakultas Psikologi', 'Psikologi', '2025', '', '', '', '', 'velinamv@gmail.com', '2025-11-23 13:37:16'),
(278, '521250057', 'Anneke Fidelina Sigarlaki', 'Reguler Pagi', 'Fakultas Psikologi', 'Psikologi', '2025', '', '', '', '', 'annekesigarlaki02@gmail.com', '2025-11-23 13:37:16'),
(279, '521250087', 'Adila Nuril Salsabila', 'Reguler Pagi', 'Fakultas Psikologi', 'Psikologi', '2025', '', '', '', '', 'bila06661@gmail.com', '2025-11-23 13:37:16'),
(280, '521250076', 'Filadelfia Charis Hehakaya', 'Reguler Pagi', 'Fakultas Psikologi', 'Psikologi', '2025', '', '', '', '', 'filadelfiacharis@gmail.com', '2025-11-23 13:37:16'),
(281, '521250058', 'Nayla Aulya Pasha', 'Reguler Pagi', 'Fakultas Psikologi', 'Psikologi', '2025', '', '', '', '', 'naylapasha024@gmail.com', '2025-11-23 13:37:16'),
(282, '521250079', 'Chayla Nafii Arayya', 'Reguler Pagi', 'Fakultas Psikologi', 'Psikologi', '2025', '', '', '', '', 'chaylaarayyaa@gmail.com', '2025-11-23 13:37:16'),
(283, '521250070', 'Putri Desri Ramadhani', 'Reguler Pagi', 'Fakultas Psikologi', 'Psikologi', '2025', '', '', '', '', 'putriramadhani0999@gmail.com', '2025-11-23 13:37:16'),
(284, '521250068', 'Iman Fitroni', 'Reguler Pagi', 'Fakultas Psikologi', 'Psikologi', '2025', '', '', '', '', 'imanfitroni7@gmail.com', '2025-11-23 13:37:16'),
(285, '521250074', 'Reno Juan Batista Virera', 'Reguler Pagi', 'Fakultas Psikologi', 'Psikologi', '2025', '', '', '', '', 'renojuan73@gmail.com', '2025-11-23 13:37:16'),
(286, '521250061', 'Enjelina Marice Man', 'Reguler Pagi', 'Fakultas Psikologi', 'Psikologi', '2025', '', '', '', '', 'maricemanenjelina@gmail.com', '2025-11-23 13:37:16'),
(287, '521250083', 'Rezka Asi\'Ila Putri Chaniago', 'Reguler Pagi', 'Fakultas Psikologi', 'Psikologi', '2025', '', '', '', '', 'chaniagorezka05@gmail.com', '2025-11-23 13:37:16'),
(288, '521250067', 'Romi Pradita Nur Bachtiar', 'Reguler Pagi', 'Fakultas Psikologi', 'Psikologi', '2025', '', '', '', '', 'romipradipta7@gmail.com', '2025-11-23 13:37:16'),
(289, '521250060', 'Zahra Ayu Alifia', 'Reguler Pagi', 'Fakultas Psikologi', 'Psikologi', '2025', '', '', '', '', 'zahrasmg7@gmail.com', '2025-11-23 13:37:16'),
(290, '521250062', 'Ayu Dina Marcia Margaretha', 'Reguler Pagi', 'Fakultas Psikologi', 'Psikologi', '2025', '', '', '', '', 'ayuudinaa2019@gmail.com', '2025-11-23 13:37:16'),
(291, '521250063', 'Ayu Dini Maria Magdalena', 'Reguler Pagi', 'Fakultas Psikologi', 'Psikologi', '2025', '', '', '', '', 'dinimaria650@gmail.com', '2025-11-23 13:37:16'),
(292, '521250065', 'Keyla Michellin Samanta Poetry Prasetyo', 'Reguler Pagi', 'Fakultas Psikologi', 'Psikologi', '2025', '', '', '', '', 'keylamichelline477@gmail.com', '2025-11-23 13:37:16'),
(293, '521250059', 'Shafa Claudia', 'Reguler Pagi', 'Fakultas Psikologi', 'Psikologi', '2025', '', '', '', '', 'claudiashafa21@gmail.com', '2025-11-23 13:37:16'),
(294, '521250088', 'Prasetyo Wahyu Wibowo', 'Reguler Pagi', 'Fakultas Psikologi', 'Psikologi', '2025', '', '', '', '', 'gpras861@gmail.com', '2025-11-23 13:37:16'),
(295, '521250055', 'Ani Puspita', 'Reguler Pagi', 'Fakultas Psikologi', 'Psikologi', '2025', '', '', '', '', 'anipuspita200607@gmail.com', '2025-11-23 13:37:16'),
(296, '521250092', 'Nani Amaniyah', 'Reguler Pagi', 'Fakultas Psikologi', 'Psikologi', '2025', '', '', '', '', 'n3755489@gmail.com', '2025-11-23 13:37:16'),
(297, '521250093', 'Yuliana Rosyidah', 'Reguler Pagi', 'Fakultas Psikologi', 'Psikologi', '2025', '', '', '', '', 'rosyidahyuliana336@gmail.com', '2025-11-23 13:37:16');
INSERT INTO `users` (`id`, `nim`, `nama_lengkap`, `jalur_program`, `fakultas`, `program_studi`, `tahun_masuk`, `jenis_kelamin`, `alamat`, `agama`, `nomor_hp`, `email`, `registered_at`) VALUES
(298, '521250091', 'Merry Kobak', 'Reguler Pagi', 'Fakultas Psikologi', 'Psikologi', '2025', '', '', '', '', 'merrykobak2@gmail.com', '2025-11-23 13:37:16'),
(299, '521250084', 'Bima Putra Dewa', 'Reguler Pagi', 'Fakultas Psikologi', 'Psikologi', '2025', '', '', '', '', 'bimasembarang2111@gmail.com', '2025-11-23 13:37:16'),
(300, '521250078', 'Graciella Angel Nathania', 'Reguler Pagi', 'Fakultas Psikologi', 'Psikologi', '2025', '', '', '', '', 'graciellaangeln@gmail.com', '2025-11-23 13:37:16'),
(301, '521250072', 'Fitria Yunda Herlina', 'Reguler Pagi', 'Fakultas Psikologi', 'Psikologi', '2025', '', '', '', '', 'yundaf24@gmail.com', '2025-11-23 13:37:16'),
(302, '521240067', 'Raka Khoirul Huda', 'Reguler Pagi', 'Fakultas Psikologi', 'Psikologi', '2024', '', '', '', '', 'r.khoirulhuda@gmail.com', '2025-11-23 13:37:16'),
(304, '521250064', 'Maulana Fadjri Hastamedya', 'Reguler Pagi', 'Fakultas Psikologi', 'Psikologi', '2025', '', '', '', '', 'fajarhastamedya@gmail.com', '2025-11-23 13:37:16'),
(305, '521250080', 'Muhammad Bani Nur Ch', 'Reguler Pagi', 'Fakultas Psikologi', 'Psikologi', '2025', '', '', '', '', 'baninur370@gmail.com', '2025-11-23 13:37:16'),
(306, '521240093', 'Alentino Purba', 'Reguler Pagi', 'Fakultas Psikologi', 'Psikologi', '2024', '', '', '', '', 'alentinopurba@gmail.com', '2025-11-23 13:37:16'),
(307, '521250056', 'Sesilia Anaafi Putri Hidayat', 'Reguler Pagi', 'Fakultas Psikologi', 'Psikologi', '2025', '', '', '', '', 'sesiliahidayat7@gmail.com', '2025-11-23 13:37:16'),
(308, '521250096', 'Jonathan Scirea Bagaswara', 'Reguler Pagi', 'Fakultas Psikologi', 'Psikologi', '2025', '', '', '', '', 'jonathansbagaswara@gmail.com', '2025-11-23 13:37:16'),
(309, '521250097', 'Melora Anastasia', 'Reguler Pagi', 'Fakultas Psikologi', 'Psikologi', '2025', '', '', '', '', 'meloraanastasia0@gmail.com', '2025-11-23 13:37:16'),
(310, '521250095', 'Gloria Joy Christmastya', 'Reguler Pagi', 'Fakultas Psikologi', 'Psikologi', '2025', '', '', '', '', 'gloriajoychristmastya@gmail.com', '2025-11-23 13:37:16'),
(311, '521250094', 'Caren Hapukh Remalya Lombu\'U', 'Reguler Pagi', 'Fakultas Psikologi', 'Psikologi', '2025', '', '', '', '', 'carenhapukhremalyalombuu@gmail.com', '2025-11-23 13:37:16'),
(312, '521250100', 'Samuel Nehe', 'Reguler Pagi', 'Fakultas Psikologi', 'Psikologi', '2025', '', '', '', '', 'samuelnehe262@gmail.com', '2025-11-23 13:37:16'),
(313, '521250112', 'Dikaiosune Exalthee Genio Harimurti', 'Reguler Pagi', 'Fakultas Psikologi', 'Psikologi', '2025', '', '', '', '', 'dikakaio787@gmail.com', '2025-11-23 13:37:16'),
(314, '521250003', 'Joy Kerenhapukh Paju', 'Reguler Pagi', 'Fakultas Psikologi', 'Psikologi', '2025', '', '', '', '', 'kerenpaju@gmail.com', '2025-11-23 13:37:16'),
(315, '521250053', 'Feodora Jacintha Evangelina Setiawan', 'Reguler Pagi', 'Fakultas Psikologi', 'Psikologi', '2025', '', '', '', '', 'feodora.evangelina3@gmail.com', '2025-11-23 13:37:16'),
(316, '521250054', 'Juwita Hura', 'Reguler Pagi', 'Fakultas Psikologi', 'Psikologi', '2025', '', '', '', '', '', '2025-11-23 13:37:16'),
(317, '521250071', 'Sabrina Amara Putri', 'Reguler Pagi', 'Fakultas Psikologi', 'Psikologi', '2025', '', '', '', '', 'amaraputrisabrina@gmail.com', '2025-11-23 13:37:16'),
(318, '521250073', 'Arpeggio Shalom', 'Reguler Pagi', 'Fakultas Psikologi', 'Psikologi', '2025', '', '', '', '', 'arpeggioshalom@gmail.com', '2025-11-23 13:37:16'),
(319, '521250098', 'Morris Falentino Bio', 'Reguler Pagi', 'Fakultas Psikologi', 'Psikologi', '2025', '', '', '', '', 'morrisfalntinobiomorris@gmail.com', '2025-11-23 13:37:16'),
(320, '521250099', 'Reno All Buchory', 'Reguler Pagi', 'Fakultas Psikologi', 'Psikologi', '2025', '', '', '', '', 'renosemarang5@gmail.com', '2025-11-23 13:37:16'),
(321, '521250101', 'Stevfani Carolina Talitha', 'Reguler Pagi', 'Fakultas Psikologi', 'Psikologi', '2025', '', '', '', '', 'stevfani_carth4@icloud.com', '2025-11-23 13:37:16'),
(322, '521250102', 'Tiara Sari Panjaitan', 'Reguler Pagi', 'Fakultas Psikologi', 'Psikologi', '2025', '', '', '', '', 'tiara060920@gmail.com', '2025-11-23 13:37:16'),
(323, '521250039', 'Susi Apriani Joice', 'Reguler Pagi', 'Fakultas Psikologi', 'Psikologi', '2025', '', '', '', '', 'susiapriani2007@gmail.com', '2025-11-23 13:37:16'),
(324, '521250036', 'Selfina Nurjayanti', 'Reguler Pagi', 'Fakultas Psikologi', 'Psikologi', '2025', '', '', '', '', 'selfinurjayanti38@gmail.com', '2025-11-23 13:37:16'),
(325, '521250118', 'Grace Ayu Maharani', 'Reguler Pagi', 'Fakultas Psikologi', 'Psikologi', '2025', '', '', '', '', 'graceayu170406@gmail.com', '2025-11-23 13:37:16'),
(326, '521250123', 'Rio Fajar Anggawadewa', 'Reguler Pagi', 'Fakultas Psikologi', 'Psikologi', '2025', '', '', '', '', 'anggadwxzy@gmail.com', '2025-11-23 13:37:16'),
(327, '521250120', 'Nurul Khoiriyah', 'Reguler Pagi', 'Fakultas Psikologi', 'Psikologi', '2025', '', '', '', '', '', '2025-11-23 13:37:16'),
(328, '521250121', 'Kevin Christian Triatmojo', 'Reguler Pagi', 'Fakultas Psikologi', 'Psikologi', '2025', '', '', '', '', 'maryantimarya08@gmail.com', '2025-11-23 13:37:16'),
(329, '521250122', 'Amanda Cinta Pangestika', 'Reguler Pagi', 'Fakultas Psikologi', 'Psikologi', '2025', '', '', '', '', 'amandacnt548@gmail.com', '2025-11-23 13:37:16'),
(330, '521250124', 'Nabilla Agista Azzarine', 'Reguler Pagi', 'Fakultas Psikologi', 'Psikologi', '2025', '', '', '', '', 'nabilaagista354@gmail.com', '2025-11-23 13:37:16'),
(331, '521250125', 'Ester Injil Sani Zebua', 'Reguler Pagi', 'Fakultas Psikologi', 'Psikologi', '2025', '', '', '', '', 'esterzebua08@gmail.com', '2025-11-23 13:37:16'),
(332, '521250127', 'Diah Anindya Putri', 'Reguler Pagi', 'Fakultas Psikologi', 'Psikologi', '2025', '', '', '', '', 'diahp805@gmail.com', '2025-11-23 13:37:16'),
(333, '521250128', 'Jessiva Leinita', 'Reguler Pagi', 'Fakultas Psikologi', 'Psikologi', '2025', '', '', '', '', 'jessivaleinita289@gmail.com', '2025-11-23 13:37:16'),
(334, '521250077', 'Evangelista Fanuela Sumual', 'Reguler Pagi', 'Fakultas Psikologi', 'Psikologi', '2025', '', '', '', '', 'evangelista100508@gmail.com', '2025-11-23 13:37:16'),
(336, '521250106', 'Ayu Novitasari', 'Reguler Sore', 'Fakultas Psikologi', 'Psikologi', '2025', '', '', '', '', 'rbwsemarang@gmail.com', '2025-11-23 13:37:16'),
(337, '521250107', 'Agus Priyanto', 'Reguler Sore', 'Fakultas Psikologi', 'Psikologi', '2025', '', '', '', '', 'gusnicxlove@gmail.com', '2025-11-23 13:37:16'),
(338, '521250108', 'Kiki Nabila Putri Satiga', 'Reguler Sore', 'Fakultas Psikologi', 'Psikologi', '2025', '', '', '', '', 'Kikinabila018@gmail.com', '2025-11-23 13:37:16'),
(339, '521250109', 'Ellen Dian Kristiana', 'Reguler Sore', 'Fakultas Psikologi', 'Psikologi', '2025', '', '', '', '', 'ellendian441@gmail.com', '2025-11-23 13:37:16'),
(340, '521250110', 'Anisa Rani Amanda', 'Reguler Sore', 'Fakultas Psikologi', 'Psikologi', '2025', '', '', '', '', 'anisarani101@gmail.com', '2025-11-23 13:37:16'),
(341, '521250114', 'Siti Nuruus Saadah', 'Reguler Sore', 'Fakultas Psikologi', 'Psikologi', '2025', '', '', '', '', 'nuruscans12@gmail.com', '2025-11-23 13:37:16'),
(343, '521250051', 'Slamet Mulyono', 'Reguler Sore', 'Fakultas Psikologi', 'Psikologi', '2025', '', '', '', '', 'mulyonoslamet111@gmail.com', '2025-11-23 13:37:16'),
(344, '521250046', 'Nur Mutia Kumalasari', 'Reguler Sore', 'Fakultas Psikologi', 'Psikologi', '2025', '', '', '', '', 'mutia.kumalasari03@gmail.com', '2025-11-23 13:37:16'),
(346, '521250024', 'Faricha Az-Zahra Dwi Ferbriyani', 'Reguler Sore', 'Fakultas Psikologi', 'Psikologi', '2025', '', '', '', '', 'faricha1202@gmail.com', '2025-11-23 13:37:16'),
(347, '521250045', 'Muhammad Zulfa Kamal', 'Reguler Sore', 'Fakultas Psikologi', 'Psikologi', '2025', '', '', '', '', 'zulfakamal019@gmail.com', '2025-11-23 13:37:16'),
(348, '521250044', 'Fidel Dafa Akbar', 'Reguler Sore', 'Fakultas Psikologi', 'Psikologi', '2025', '', '', '', '', 'fideldafa812@gmail.com', '2025-11-23 13:37:16'),
(349, '521250113', 'Siti Solekha', 'Reguler Sore', 'Fakultas Psikologi', 'Psikologi', '2025', '', '', '', '', 'cintazivanaoctavia@gmail.com', '2025-11-23 13:37:16'),
(350, '521250117', 'Nova Andi Perdana', 'Reguler Sore', 'Fakultas Psikologi', 'Psikologi', '2025', '', '', '', '', 'novaperd94@gmail.com', '2025-11-23 13:37:16'),
(351, '521250119', 'Farah Zaidah', 'Reguler Sore', 'Fakultas Psikologi', 'Psikologi', '2025', '', '', '', '', 'farahzahida05@gmail.com', '2025-11-23 13:37:16'),
(352, '521250104', 'Dewi Melati Sari', 'Reguler Sore', 'Fakultas Psikologi', 'Psikologi', '2025', '', '', '', '', 'dewimelatijasmine@gmail.com', '2025-11-23 13:37:16'),
(353, '521250049', 'Shinta Dwi Rahayu', 'Reguler Sore', 'Fakultas Psikologi', 'Psikologi', '2025', '', '', '', '', 'Shintarahayu0705@gmail.com', '2025-11-23 13:37:16'),
(354, '521250047', 'Putri Sintiya', 'Reguler Sore', 'Fakultas Psikologi', 'Psikologi', '2025', '', '', '', '', 'putri.sintiya763@gmail.com', '2025-11-23 13:37:16'),
(355, '521250069', 'Sutrimah', 'Reguler Sore', 'Fakultas Psikologi', 'Psikologi', '2025', '', '', '', '', '', '2025-11-23 13:37:16'),
(356, '521250008', 'Krisna Dwi Janata Putra Wibowo', 'Karyawan Sabtu', 'Fakultas Psikologi', 'Psikologi', '2025', '', '', '', '', 'krisnajanataoc@gmail.com', '2025-11-23 13:37:16'),
(357, '521250016', 'Ferli Herdiansyah', 'Karyawan Sabtu', 'Fakultas Psikologi', 'Psikologi', '2025', '', '', '', '', 'Herdi7521@gmail.com', '2025-11-23 13:37:16'),
(358, '521250023', 'Ryo Hakim Pratama Putra', 'Karyawan Sabtu', 'Fakultas Psikologi', 'Psikologi', '2025', '', '', '', '', 'dewimelatijasmine@gmail.com', '2025-11-23 13:37:16'),
(359, '521250030', 'Aulia Damayanti', 'Karyawan Sabtu', 'Fakultas Psikologi', 'Psikologi', '2025', '', '', '', '', '521250030@student.unaki.ac.id', '2025-11-23 13:37:16'),
(360, '521250032', 'Salma Jesika', 'Karyawan Sabtu', 'Fakultas Psikologi', 'Psikologi', '2025', '', '', '', '', 'salmajesika809@gmail.com', '2025-11-23 13:37:16'),
(362, '123250033', 'Izacki Salwa Ghari Anggraeni', 'Reguler Sore', 'Fakultas Ekonomika dan Bisnis', 'Perpajakan', '2025', NULL, NULL, NULL, NULL, 'izakisalwa2372@gmail.com', '2025-11-23 13:37:16'),
(363, '223230031', 'Yoel Mangguntur Tarung Alex', 'TGCU', 'Fakultas Teknik dan Informatika', 'Teknik Informatika', '2023', '', '', '', '82149913940', 'yoelalex48@gmail.com', '2025-11-23 13:37:16'),
(364, '222240018', 'Mochammad Rifai', 'KIP-Kuliah', 'Fakultas Teknik dan Informatika', 'Sistem Informasi', '2024', '', '', '', '8.82E+16', 'mochammadrifai543@gmail.com', '2025-11-23 13:37:16'),
(365, '223240018', 'Febi Tiku', 'KIP-Kuliah', 'Fakultas Teknik dan Informatika', 'Teknik Informatika', '2024', '', '', '', '87854918309', 'febysattu@gmail.com', '2025-11-23 13:37:16'),
(366, '223240017', 'Hanna Tatiana Mahulae', 'KIP-Kuliah', 'Fakultas Teknik dan Informatika', 'Teknik Informatika', '2024', '', '', '', '85367209453', 'hannatatiana917@gmail.com', '2025-11-23 13:37:16'),
(367, '222240008', 'Silvia Eky Rosnawan', 'KIP-Kuliah', 'Fakultas Teknik dan Informatika', 'Sistem Informasi', '2024', '', '', '', '85879515719', 'echicee@gmail.com', '2025-11-23 13:37:16'),
(368, '222240007', 'Devi Mutiara Simanjuntak', 'Reguler Pagi', 'Fakultas Teknik dan Informatika', 'Sistem Informasi', '2024', '', '', '', '85252460704', 'devimutiarasimanjuntaksimanjun@gmail.com', '2025-11-23 13:37:16'),
(369, '223240034', 'Andika Dwi Saputra', 'KIP-Kuliah', 'Fakultas Teknik dan Informatika', 'Teknik Informatika', '2024', '', '', '', '89524351167', 'dwiandikasaputra669@gmail.com', '2025-11-23 13:37:16'),
(370, '223240042', 'Hafizh Shafa Kurniawan', 'KIP-Kuliah', 'Fakultas Teknik dan Informatika', 'Teknik Informatika', '2024', '', '', '', '81227572667', 'Hafizh1830@gmail.com', '2025-11-23 13:37:16'),
(371, '223240065', 'Elbert Evan Rahardjokusumo', 'Reguler Pagi', 'Fakultas Teknik dan Informatika', 'Teknik Informatika', '2024', '', '', '', '85156798629', 'elbertevan65@gmail.com', '2025-11-23 13:37:16'),
(372, '222250022', 'Andy Firdaus Waruwu', 'KIP-Kuliah', 'Fakultas Teknik dan Informatika', 'Sistem Informasi', '2025', '', '', '', '82272370968', 'andywaruwu87@gmail.com', '2025-11-23 13:37:16'),
(373, '223250019', 'Putra Firdaus Ramandani', 'KIP-Kuliah', 'Fakultas Teknik dan Informatika', 'Teknik Informatika', '2025', '', '', '', '81225208437', 'putrafirdaus6373@gmail.com', '2025-11-23 13:37:16'),
(374, '223250018', 'Sherafine Anatasha', 'KIP-Kuliah', 'Fakultas Teknik dan Informatika', 'Teknik Informatika', '2025', '', '', '', '8.96E+16', 'sherafineanatasha@gmail.com', '2025-11-23 13:37:16'),
(375, '223250009', 'Mei Siska Jelita Ndraha', 'KIP-Kuliah', 'Fakultas Teknik dan Informatika', 'Teknik Informatika', '2025', '', '', '', '82214197927', 'meisiskajelita@gmail.com', '2025-11-23 13:37:16'),
(376, '222250030', 'Syifa Azzahra Hasna Adila', 'KIP-Kuliah', 'Fakultas Teknik dan Informatika', 'Sistem Informasi', '2025', '', '', '', '8882755284', 'syifa201206azzahra@gmail.com', '2025-11-23 13:37:16'),
(377, '223250011', 'Muhammad Indy Fahrisyah', 'KIP-Kuliah', 'Fakultas Teknik dan Informatika', 'Teknik Informatika', '2025', '', '', '', '81229566508', 'muhammadindy49@gmail.com', '2025-11-23 13:37:16'),
(378, '222250027', 'Aulia Salsabila', 'KIP-Kuliah', 'Fakultas Teknik dan Informatika', 'Sistem Informasi', '2025', '', '', '', '85643065765', 'ip4157535@gmail.com', '2025-11-23 13:37:16'),
(379, '223250016', 'Elge Wandani Mariati', 'KIP-Kuliah', 'Fakultas Teknik dan Informatika', 'Teknik Informatika', '2025', '', '', '', '81237968912', 'fanda4197@gmail.com', '2025-11-23 13:37:16'),
(380, '223250034', 'Danke Rachmat Walpresia', 'KIP-Kuliah', 'Fakultas Teknik dan Informatika', 'Teknik Informatika', '2025', '', '', '', '8.82E+16', 'dankerachmat@gmail.com', '2025-11-23 13:37:16'),
(381, '223250017', 'Al Kiyaa Ammar Sadida', 'KIP-Kuliah', 'Fakultas Teknik dan Informatika', 'Teknik Informatika', '2025', '', '', '', '89508816170', 'alkiyaaas@gmail.com', '2025-11-23 13:37:16'),
(382, '223250010', 'Friska Maysara Sabetliake', 'KIP-Kuliah', 'Fakultas Teknik dan Informatika', 'Teknik Informatika', '2025', '', '', '', '81264715854', 'friskaika082@gmail.com', '2025-11-23 13:37:16'),
(383, '223250030', 'Affanesia Mizwarista Asnil Satriyo', 'KIP-Kuliah', 'Fakultas Teknik dan Informatika', 'Teknik Informatika', '2025', '', '', '', '8.95E+16', 'aaznil172@gmail.com', '2025-11-23 13:37:16'),
(384, '223250020', 'Marsel Gideon Kurniawan', 'KIP-Kuliah', 'Fakultas Teknik dan Informatika', 'Teknik Informatika', '2025', '', '', '', '82351327055', 'aikara.senpai@gmail.com', '2025-11-23 13:37:16'),
(385, '223250022', 'Toro Rimata Hasian Purba', 'KIP-Kuliah', 'Fakultas Teknik dan Informatika', 'Teknik Informatika', '2025', '', '', '', '81341675573', 'binadamhabel@gmail.com', '2025-11-23 13:37:16'),
(386, '223250014', 'Rini Suriani Fatima', 'KIP-Kuliah', 'Fakultas Teknik dan Informatika', 'Teknik Informatika', '2025', '', '', '', '82272323020', 'rini32462@gmail.com', '2025-11-23 13:37:16'),
(387, '223250013', 'Maria Delsiana Fanti', 'KIP-Kuliah', 'Fakultas Teknik dan Informatika', 'Teknik Informatika', '2025', '', '', '', '81246914687', 'fhantysave@gmail.com', '2025-11-23 13:37:16'),
(388, '223250036', 'Pradana Danu Rizky', 'KIP-Kuliah', 'Fakultas Teknik dan Informatika', 'Teknik Informatika', '2025', '', '', '', '82136558001', 'danukip1922@gmail.com', '2025-11-23 13:37:16'),
(389, '223250015', 'Wirdan Utari', 'KIP-Kuliah', 'Fakultas Teknik dan Informatika', 'Teknik Informatika', '2025', '', '', '', '85133701835', 'wirdanutari08gmail.com', '2025-11-23 13:37:16'),
(390, '223250026', 'Livia Zahra Ariani', 'KIP-Kuliah', 'Fakultas Teknik dan Informatika', 'Teknik Informatika', '2025', '', '', '', '83822474422', 'liviazahra148@gmail.com', '2025-11-23 13:37:16'),
(391, '223250012', 'Miftha Nur Ufaira', 'KIP-Kuliah', 'Fakultas Teknik dan Informatika', 'Teknik Informatika', '2025', '', '', '', '8.95E+15', 'mifthanur53@gmail.com', '2025-11-23 13:37:16'),
(392, '222250023', 'Nafa Anissa Rahmasari', 'KIP-Kuliah', 'Fakultas Teknik dan Informatika', 'Sistem Informasi', '2025', '', '', '', '81910058551', 'anafa840@gmail.com', '2025-11-23 13:37:16'),
(393, '223250031', 'Fardhan Al Harits P.M', 'KIP-Kuliah', 'Fakultas Teknik dan Informatika', 'Teknik Informatika', '2025', '', '', '', '81548100203', 'alharitsfardhan@gmail.com', '2025-11-23 13:37:16'),
(394, '223250027', 'Maharani Ragil Ajeng Pangestu', 'KIP-Kuliah', 'Fakultas Teknik dan Informatika', 'Teknik Informatika', '2025', '', '', '', '8817615194', 'maharaniragil1011@gmail.com', '2025-11-23 13:37:16'),
(396, '222250028', 'Ilham Bagus Setyawan', 'KIP-Kuliah', 'Fakultas Teknik dan Informatika', 'Sistem Informasi', '2025', '', '', '', '8.95E+16', 'ilhambs311@gmail.com', '2025-11-23 13:37:16'),
(397, '222250032', 'Heavenli Wisdom Wau', 'TGCU', 'Fakultas Teknik dan Informatika', 'Sistem Informasi', '2025', '', '', '', '82162960520', 'Wauwisdom@gmail.com', '2025-11-23 13:37:16'),
(398, '222250031', 'Gilbert Ray Mahara Giri', 'TGCU', 'Fakultas Teknik dan Informatika', 'Sistem Informasi', '2025', '', '', '', '85134622067', 'raymaharagirigilbert@gmail.com', '2025-11-23 13:37:16'),
(399, '222250021', 'Juni', 'KIP-Kuliah', 'Fakultas Teknik dan Informatika', 'Sistem Informasi', '2025', '', '', '', '85822215597', 'junibky06@gmail.com', '2025-11-23 13:37:16'),
(400, '223250038', 'Kefas Eben Haezer Larosa', 'Beasiswa Prestasi', 'Fakultas Teknik dan Informatika', 'Teknik Informatika', '2025', '', '', '', '82298179591', 'kefaslarosa2@gmail.com', '2025-11-23 13:37:16'),
(401, '222250029', 'Kefira Ira Wanti Nus Sunyap', 'KIP-Kuliah', 'Fakultas Teknik dan Informatika', 'Sistem Informasi', '2025', '', '', '', '85640559642', 'Kefirsunyap@gmail.com', '2025-11-23 13:37:16'),
(402, '122250074', 'Priskila Anggun Novita Sari', 'KIP-Kuliah', 'Fakultas Ekonomika dan Bisnis', 'Akuntansi', '2025', '', '', '', '81555393799', 'novitapriskila206@gmail.com', '2025-11-23 13:37:16'),
(403, '222250004', 'Velma Priskila Janet Dohona', 'Beasiswa Prestasi', 'Fakultas Teknik dan Informatika', 'Sistem Informasi', '2025', '', '', '', '85362309463', 'velmadohona82@gmail.com', '2025-11-23 13:37:16'),
(404, '223250001', 'Airin Geso', 'Beasiswa Prestasi', 'Fakultas Teknik dan Informatika', 'Teknik Informatika', '2025', '', '', '', '82293914409', 'airingeso25@gmail.com', '2025-11-23 13:37:16'),
(405, '222250033', 'Mumi Kobak', 'KIP-Kuliah', 'Fakultas Teknik dan Informatika', 'Sistem Informasi', '2025', '', '', '', '81240322814', 'Pace9987@gmail.com', '2025-11-23 13:37:16'),
(406, '223250035', 'Isgi Fardiansyah', 'Reguler Pagi', 'Fakultas Teknik dan Informatika', 'Teknik Informatika', '2025', '', '', '', '8.38E+16', 'kanyuttampan@gmail.com', '2025-11-23 13:37:16'),
(407, '222250026', 'Faiz Willa Anggoro', 'KIP-Kuliah', 'Fakultas Teknik dan Informatika', 'Sistem Informasi', '2025', '', '', '', '89698088400', 'jackswazky@gmail.com', '2025-11-23 13:37:16'),
(408, '222250090', 'Ishika Neocallista Putri', 'KIP-Kuliah', 'Fakultas Teknik dan Informatika', 'Sistem Informasi', '2025', '', '', '', '88975649895', 'ccallistaa26@gmail.com', '2025-11-23 13:37:16'),
(409, '223250049', 'Ramasya Reyhan Fitriansyah', 'KIP-Kuliah', 'Fakultas Teknik dan Informatika', 'Teknik Informatika', '2025', '', '', '', '81325138896', 'ramasya2006@gmail.com', '2025-11-23 13:37:16'),
(410, '223250050', 'Moses Swatindra Purnomo', 'KIP-Kuliah', 'Fakultas Teknik dan Informatika', 'Teknik Informatika', '2025', '', '', '', '83862386415', 'purnomomoses@gmail.com', '2025-11-23 13:37:16'),
(411, '222250091', 'Raja Sababalat', 'KIP-Kuliah', 'Fakultas Teknik dan Informatika', 'Sistem Informasi', '2025', '', '', '', '85274633570', 'sababalatraja@gmail.com', '2025-11-23 13:37:16'),
(412, '222250092', 'Khanza Aulia Hanum', 'KIP-Kuliah', 'Fakultas Teknik dan Informatika', 'Sistem Informasi', '2025', '', '', '', '85713431706', 'khanzahanum03@gmail.com', '2025-11-23 13:37:16'),
(413, '222250025', 'Aldi Bagus Pratama', 'Reguler Pagi', 'Fakultas Teknik dan Informatika', 'Sistem Informasi', '2025', '', '', '', '85712708284', 'aldibaguss111@gmail.com', '2025-11-23 13:37:16'),
(414, '222250089', 'Najwa Olivia', 'KIP-Kuliah', 'Fakultas Teknik dan Informatika', 'Sistem Informasi', '2025', '', '', '', '88233233452', 'najwaolivia719@gmail.com', '2025-11-23 13:37:16'),
(415, '223250024', 'Adriel Christopher Wuysang', 'KIP - Kuliah', 'Fakultas Teknik dan Informatika', 'Teknik Informatika', '2025', '', '', '', '', 'adrielwusyang@gmail.com', '2025-11-23 13:37:16'),
(416, '223250008', 'Yuelan Dyah Pitaloka Citraresmi', 'Reguler Sore', 'Fakultas Teknik dan Informatika', 'Teknik Informatika', '2025', '', '', '', '87834396854', 'yuelan.dpitaloka@gmail.com', '2025-11-23 13:37:16'),
(417, '223250021', 'Arina Hasanah', 'Karyawan Sabtu', 'Fakultas Teknik dan Informatika', 'Teknik Informatika', '2025', '', '', '', '89523256816', 'arinahasanah05@gmail.com', '2025-11-23 13:37:16'),
(418, '222250002', 'Andrian Laia', 'YPTN', 'Fakultas Teknik dan Informatika', 'Sistem Informasi', '2025', '', '', '', '', 'Adamblladambll663@gmail.com', '2025-11-23 13:37:16'),
(419, '222250003', 'Ernis Harefa', 'YPTN', 'Fakultas Teknik dan Informatika', 'Sistem Informasi', '2025', '', '', '', '', 'ernisharefa21juni@gmail.com', '2025-11-23 13:37:16'),
(420, '222250036', 'Join Lukabuk', 'YPTN', 'Fakultas Teknik dan Informatika', 'Sistem Informasi', '2025', '', '', '', '', 'joinlukabuk0@gmail.com', '2025-11-23 13:37:16'),
(421, '222250037', 'Nerius Salaikita', 'YPTN', 'Fakultas Teknik dan Informatika', 'Sistem Informasi', '2025', '', '', '', '', 'tunggulnerius7@gmail.com', '2025-11-23 13:37:16'),
(422, '222250038', 'Peter Raynaldo Bate\'E', 'YPTN', 'Fakultas Teknik dan Informatika', 'Sistem Informasi', '2025', '', '', '', '', 'peterbatee1@gmail.com', '2025-11-23 13:37:16'),
(423, '222250039', 'Sardin Yadiman', 'YPTN', 'Fakultas Teknik dan Informatika', 'Sistem Informasi', '2025', '', '', '', '', 'Sardinyadiman03@gmail.com', '2025-11-23 13:37:16'),
(424, '222250040', 'Victor Hardy Hura', 'YPTN', 'Fakultas Teknik dan Informatika', 'Sistem Informasi', '2025', '', '', '', '', 'hardyhura31@gmail.com', '2025-11-23 13:37:16'),
(425, '222250041', 'Wulan Sari Saekon', 'YPTN', 'Fakultas Teknik dan Informatika', 'Sistem Informasi', '2025', '', '', '', '', 'wulanri1015@gmail.com', '2025-11-23 13:37:16'),
(426, '222250042', 'Trisna Mei Generous Hura', 'YPTN', 'Fakultas Teknik dan Informatika', 'Sistem Informasi', '2025', '', '', '', '', 'trisnahura04@gmail.com', '2025-11-23 13:37:16'),
(427, '222250043', 'Jullita Lase', 'YPTN', 'Fakultas Teknik dan Informatika', 'Sistem Informasi', '2025', '', '', '', '', 'jullitalase@gmail.com', '2025-11-23 13:37:16'),
(428, '222250044', 'Rato Lius Hulu', 'YPTN', 'Fakultas Teknik dan Informatika', 'Sistem Informasi', '2025', '', '', '', '', 'ratolius02@gmail.com', '2025-11-23 13:37:16'),
(429, '222250045', 'Sri Puji Daryanti Warasi', 'YPTN', 'Fakultas Teknik dan Informatika', 'Sistem Informasi', '2025', '', '', '', '', 'sripujidaryantiwarasi@gmail.com', '2025-11-23 13:37:16'),
(430, '222250046', 'Bobi Foryus Lase', 'YPTN', 'Fakultas Teknik dan Informatika', 'Sistem Informasi', '2025', '', '', '', '', 'Bobiforyusl@gmail.com', '2025-11-23 13:37:16'),
(431, '222250047', 'Dirgantara Aceh', 'YPTN', 'Fakultas Teknik dan Informatika', 'Sistem Informasi', '2025', '', '', '', '', 'acehdrop@gmail.com', '2025-11-23 13:37:16'),
(432, '222250048', 'Yarnimala Zega', 'YPTN', 'Fakultas Teknik dan Informatika', 'Sistem Informasi', '2025', '', '', '', '', 'yarnimala47@gmail.com', '2025-11-23 13:37:16'),
(433, '222250049', 'Seprianus Sepiarman Gulo', 'YPTN', 'Fakultas Teknik dan Informatika', 'Sistem Informasi', '2025', '', '', '', '', 'sepirgulo07@gmail.com', '2025-11-23 13:37:16'),
(434, '222250050', 'Fridayanti Zega', 'YPTN', 'Fakultas Teknik dan Informatika', 'Sistem Informasi', '2025', '', '', '', '', 'fridayanti0602@gmail.com', '2025-11-23 13:37:16'),
(435, '222250051', 'Samatohu Halawa', 'YPTN', 'Fakultas Teknik dan Informatika', 'Sistem Informasi', '2025', '', '', '', '', 'samarhalawa2003@gmail.com', '2025-11-23 13:37:16'),
(436, '222250052', 'Tri Ardiansyah Ziliwu', 'YPTN', 'Fakultas Teknik dan Informatika', 'Sistem Informasi', '2025', '', '', '', '', 'noriszega046@gmail.com', '2025-11-23 13:37:16'),
(437, '222250053', 'Victoris Laia', 'YPTN', 'Fakultas Teknik dan Informatika', 'Sistem Informasi', '2025', '', '', '', '', 'victorislaia123@gmail.com', '2025-11-23 13:37:16'),
(438, '222250054', 'Irene Chalsi Ratna Listanti Bate\'E', 'YPTN', 'Fakultas Teknik dan Informatika', 'Sistem Informasi', '2025', '', '', '', '', 'ratnabatee2@gmail.com', '2025-11-23 13:37:16'),
(439, '222250055', 'Saniati Baene', 'YPTN', 'Fakultas Teknik dan Informatika', 'Sistem Informasi', '2025', '', '', '', '', 'saniatibaene@gmail.com', '2025-11-23 13:37:16'),
(440, '222250056', 'Teofilus Harefa', 'YPTN', 'Fakultas Teknik dan Informatika', 'Sistem Informasi', '2025', '', '', '', '', 'teofilusharefa306@gmail.com', '2025-11-23 13:37:16'),
(441, '222250057', 'Wawasan Hulu', 'YPTN', 'Fakultas Teknik dan Informatika', 'Sistem Informasi', '2025', '', '', '', '', 'huluwawan03@gmail.com', '2025-11-23 13:37:16'),
(442, '222250058', 'Agree Loyal Zega', 'YPTN', 'Fakultas Teknik dan Informatika', 'Sistem Informasi', '2025', '', '', '', '', 'anggizegazeg@gmail.com', '2025-11-23 13:37:16'),
(443, '222250059', 'Niat Hati Halawa', 'YPTN', 'Fakultas Teknik dan Informatika', 'Sistem Informasi', '2025', '', '', '', '', 'nnia15839@gmail.com', '2025-11-23 13:37:16'),
(444, '222250060', 'Melda Kurnia Halawa', 'YPTN', 'Fakultas Teknik dan Informatika', 'Sistem Informasi', '2025', '', '', '', '', 'meldahalawa68@gmail.com', '2025-11-23 13:37:16'),
(445, '222250061', 'Darman Hulu', 'YPTN', 'Fakultas Teknik dan Informatika', 'Sistem Informasi', '2025', '', '', '', '', 'huludarman33@gmail.com', '2025-11-23 13:37:16'),
(446, '222250062', 'Grace Niat Wati Zega', 'YPTN', 'Fakultas Teknik dan Informatika', 'Sistem Informasi', '2025', '', '', '', '', 'graceniatwatizega45@gmail.com', '2025-11-23 13:37:16'),
(447, '222250063', 'Nes Arlina Gulo', 'YPTN', 'Fakultas Teknik dan Informatika', 'Sistem Informasi', '2025', '', '', '', '', 'nesarlinagulo@gmail.com', '2025-11-23 13:37:16'),
(448, '222250064', 'Krisdayanti Zega', 'YPTN', 'Fakultas Teknik dan Informatika', 'Sistem Informasi', '2025', '', '', '', '', 'krisdayantizega990@gmail.com', '2025-11-23 13:37:16'),
(449, '222250065', 'Krisna Murni Zega', 'YPTN', 'Fakultas Teknik dan Informatika', 'Sistem Informasi', '2025', '', '', '', '', 'zegamurni2@gmail.com', '2025-11-23 13:37:16'),
(450, '222250066', 'Yaebesi Hulu', 'YPTN', 'Fakultas Teknik dan Informatika', 'Sistem Informasi', '2025', '', '', '', '', 'yaebesihulu28@gmail.com', '2025-11-23 13:37:16'),
(451, '222250067', 'Mesrawati Zendrato', 'YPTN', 'Fakultas Teknik dan Informatika', 'Sistem Informasi', '2025', '', '', '', '', 'Mesrazendrato996@gmail.com', '2025-11-23 13:37:16'),
(452, '222250068', 'Melisa Harni Putri Zalukhu', 'YPTN', 'Fakultas Teknik dan Informatika', 'Sistem Informasi', '2025', '', '', '', '', 'melisazalukhu39@gmail.com', '2025-11-23 13:37:16'),
(453, '222250069', 'Alzarya Sambaulu', 'YPTN', 'Fakultas Teknik dan Informatika', 'Sistem Informasi', '2025', '', '', '', '', 'alzaryasambaulu@gmail.com', '2025-11-23 13:37:16'),
(454, '222250070', 'Lisna Sari Halawa', 'YPTN', 'Fakultas Teknik dan Informatika', 'Sistem Informasi', '2025', '', '', '', '', 'lieshalaw6@gmail.com', '2025-11-23 13:37:16'),
(455, '222250071', 'Enda Kristiawati Halawa', 'YPTN', 'Fakultas Teknik dan Informatika', 'Sistem Informasi', '2025', '', '', '', '', 'endangkristiawatihalawa@gmail.com', '2025-11-23 13:37:16'),
(456, '222250072', 'Jufinia Mendrofa', 'YPTN', 'Fakultas Teknik dan Informatika', 'Sistem Informasi', '2025', '', '', '', '', '@jufiniamendrofa5.@gmail.com', '2025-11-23 13:37:16'),
(457, '222250073', 'Neni Febriani Harefa', 'YPTN', 'Fakultas Teknik dan Informatika', 'Sistem Informasi', '2025', '', '', '', '', 'Nenyharefa83@gamil.com', '2025-11-23 13:37:16'),
(458, '222250074', 'Arisman Zai', 'YPTN', 'Fakultas Teknik dan Informatika', 'Sistem Informasi', '2025', '', '', '', '', 'zarmit8@gmail.com', '2025-11-23 13:37:16'),
(459, '222250075', 'Firman Jaya Gulo', 'YPTN', 'Fakultas Teknik dan Informatika', 'Sistem Informasi', '2025', '', '', '', '', 'firmanjayagul.123@gmail.com', '2025-11-23 13:37:16'),
(460, '222250077', 'Afdal Donifito Gulo', 'YPTN', 'Fakultas Teknik dan Informatika', 'Sistem Informasi', '2025', '', '', '', '', 'afdalgulo7@gmail.com', '2025-11-23 13:37:16'),
(461, '222250078', 'Fitorianus Bu\'Ulolo', 'YPTN', 'Fakultas Teknik dan Informatika', 'Sistem Informasi', '2025', '', '', '', '', 'fitorianus6@gmail.com', '2025-11-23 13:37:16'),
(462, '222250079', 'Lusia Lestari Gulo', 'YPTN', 'Fakultas Teknik dan Informatika', 'Sistem Informasi', '2025', '', '', '', '', 'gulolusialestari@gmail.com', '2025-11-23 13:37:16'),
(463, '222250080', 'Erwita Murni Harefa', 'YPTN', 'Fakultas Teknik dan Informatika', 'Sistem Informasi', '2025', '', '', '', '', 'Wita.harefa09@gmail.com', '2025-11-23 13:37:16'),
(464, '222250081', 'Eka Lestari Zalukhu', 'YPTN', 'Fakultas Teknik dan Informatika', 'Sistem Informasi', '2025', '', '', '', '', 'lestarizal07@gmail.com', '2025-11-23 13:37:16'),
(465, '222250082', 'Greace Veronica Mendrofa', 'YPTN', 'Fakultas Teknik dan Informatika', 'Sistem Informasi', '2025', '', '', '', '', 'gracemendrofa4@gmail.com', '2025-11-23 13:37:16'),
(466, '222250083', 'Agus Rahmat Zega', 'YPTN', 'Fakultas Teknik dan Informatika', 'Sistem Informasi', '2025', '', '', '', '', '', '2025-11-23 13:37:16'),
(467, '222250084', 'Rusmawati Waruwu', 'YPTN', 'Fakultas Teknik dan Informatika', 'Sistem Informasi', '2025', '', '', '', '', 'rusmawatiwar@gmail.com', '2025-11-23 13:37:16'),
(468, '222250085', 'Jernih Gulo', 'YPTN', 'Fakultas Teknik dan Informatika', 'Sistem Informasi', '2025', '', '', '', '', 'jernihgulo5@gmail.com', '2025-11-23 13:37:16'),
(469, '222250086', 'Emanuel Halawa', 'YPTN', 'Fakultas Teknik dan Informatika', 'Sistem Informasi', '2025', '', '', '', '', 'emanuelhalawa55@gmail.com', '2025-11-23 13:37:16'),
(470, '222250087', 'Ican Parman Daeli', 'YPTN', 'Fakultas Teknik dan Informatika', 'Sistem Informasi', '2025', '', '', '', '', 'daelipfarman@gmail.com', '2025-11-23 13:37:16'),
(471, '222250088', 'Herman Jaya Halawa', 'YPTN', 'Fakultas Teknik dan Informatika', 'Sistem Informasi', '2025', '', '', '', '', 'Hermanhalawa561@gmail.com', '2025-11-23 13:37:16'),
(472, '222250093', 'Jelvin Wan Berkat Lase', 'YPTN', 'Fakultas Teknik dan Informatika', 'Sistem Informasi', '2025', '', '', '', '', 'fajarlase66@gmail .com', '2025-11-23 13:37:16'),
(473, '222250094', 'Agriando Ololi', 'YPTN', 'Fakultas Teknik dan Informatika', 'Sistem Informasi', '2025', '', '', '', '', 'agriandoagi34@gmail.com', '2025-11-23 13:37:16'),
(474, '222250095', 'Sabarhati', 'YPTN', 'Fakultas Teknik dan Informatika', 'Sistem Informasi', '2025', '', '', '', '', 'stefanussabarhattafonao@gmail.com', '2025-11-23 13:37:16'),
(475, '222250005', 'Adamtus Josualdus Syukur', 'Solafide', 'Fakultas Teknik dan Informatika', 'Sistem Informasi', '2025', '', '', '', '', 'adamtus368@gmail.com', '2025-11-23 13:37:16'),
(476, '222250006', 'Alberto Charliano Jilha', 'Solafide', 'Fakultas Teknik dan Informatika', 'Sistem Informasi', '2025', '', '', '', '', 'charlyalberto414@gmail.com', '2025-11-23 13:37:16'),
(477, '222250007', 'Angela Karmelia Delima', 'Solafide', 'Fakultas Teknik dan Informatika', 'Sistem Informasi', '2025', '', '', '', '', 'enjeldelima234@gmail.com', '2025-11-23 13:37:16'),
(478, '222250008', 'Ayub Sahidin', 'Solafide', 'Fakultas Teknik dan Informatika', 'Sistem Informasi', '2025', '', '', '', '', 'ayubayubsahidin@gmail.com', '2025-11-23 13:37:16'),
(479, '222250009', 'Damianus Kelvin Saputra', 'Solafide', 'Fakultas Teknik dan Informatika', 'Sistem Informasi', '2025', '', '', '', '', 'kelvinsaputra8@gmail.com', '2025-11-23 13:37:16'),
(480, '222250010', 'Elias Nofen', 'Solafide', 'Fakultas Teknik dan Informatika', 'Sistem Informasi', '2025', '', '', '', '', 'eliasnoven@gmail.com', '2025-11-23 13:37:16'),
(481, '222250011', 'Endrasius Jehadin', 'Solafide', 'Fakultas Teknik dan Informatika', 'Sistem Informasi', '2025', '', '', '', '', 'endrajehadin@gmail.com', '2025-11-23 13:37:16'),
(482, '222250012', 'Erlando Aron', 'Solafide', 'Fakultas Teknik dan Informatika', 'Sistem Informasi', '2025', '', '', '', '', 'e15641772@gmail.com', '2025-11-23 13:37:16'),
(483, '222250013', 'Febrino Castrio Echan', 'Solafide', 'Fakultas Teknik dan Informatika', 'Sistem Informasi', '2025', '', '', '', '', 'ecanfebrino@gmail.com', '2025-11-23 13:37:16'),
(484, '222250014', 'Fredericus Gerardi Erikson Jelami', 'Solafide', 'Fakultas Teknik dan Informatika', 'Sistem Informasi', '2025', '', '', '', '', 'fredericusjelami@gmail.com', '2025-11-23 13:37:16'),
(485, '222250015', 'Kleofas Aldiano Ugut', 'Solafide', 'Fakultas Teknik dan Informatika', 'Sistem Informasi', '2025', '', '', '', '', 'aldiugut722@gmail.com', '2025-11-23 13:37:16'),
(486, '222250020', 'Rodriquz Nakatanara Nema', 'Solafide', 'Fakultas Teknik dan Informatika', 'Sistem Informasi', '2025', '', '', '', '', 'odyputry@gmail.com', '2025-11-23 13:37:16'),
(487, '222250016', 'Rufina Liana Dail', 'Solafide', 'Fakultas Teknik dan Informatika', 'Sistem Informasi', '2025', '', '', '', '', 'rufinalianadail38@gmail.com', '2025-11-23 13:37:16'),
(488, '222250017', 'Yohana Cici', 'Solafide', 'Fakultas Teknik dan Informatika', 'Sistem Informasi', '2025', '', '', '', '', 'c247144@gmail.com', '2025-11-23 13:37:16'),
(489, '222250018', 'Yohanes Asri Daputra Harapan', 'Solafide', 'Fakultas Teknik dan Informatika', 'Sistem Informasi', '2025', '', '', '', '', 'yohanesdaputra2@gmail.com', '2025-11-23 13:37:16'),
(490, '222250019', 'Yonarius Darmanyono', 'Solafide', 'Fakultas Teknik dan Informatika', 'Sistem Informasi', '2025', '', '', '', '', 'darmanyonoyonarius@gmail.com', '2025-11-23 13:37:16'),
(491, '222250034', 'Raldusius Galus', 'Solafide', 'Fakultas Teknik dan Informatika', 'Sistem Informasi', '2025', '', '', '', '', 'raldusiusg@gmail.com', '2025-11-23 13:37:16'),
(492, '222250035', 'Klausiano Carly Hambur', 'Solafide', 'Fakultas Teknik dan Informatika', 'Sistem Informasi', '2025', '', '', '', '', 'carlyhambur17@gmail.com', '2025-11-23 13:37:16'),
(493, '222250024', 'Bernadus Kewa', 'Solafide', 'Fakultas Teknik dan Informatika', 'Sistem Informasi', '2025', '', '', '', '', 'witakbernad63@gmail.com', '2025-11-23 13:37:16'),
(494, '121250036', 'Khairana Xenadin Indaramadhani', '', 'Fakultas Ekonomika dan Bisnis', 'Manajemen', '2025', '', '', '', '', 'khairanaxenadin26@gmail.com', '2025-11-23 13:37:16'),
(495, '121250158', 'Ipung Yulanda', '', 'Fakultas Ekonomika dan Bisnis', 'Manajemen', '2025', '', '', '', '', 'ipungyulanda2@gmail.com', '2025-11-23 13:37:16'),
(496, '123250082', 'Zaenizanuba', '', 'Fakultas Ekonomika dan Bisnis', 'Perpajakan', '2025', '', '', '', '', 'zaeniza1009@gmail.com', '2025-11-23 13:37:16'),
(497, '122250025', 'Elsanoviyana', '', 'Fakultas Ekonomika dan Bisnis', 'Akuntansi', '2025', '', '', '', '', 'elsanoviana028@gmail.com', '2025-11-23 13:37:16'),
(498, '123250027', 'Brillian Gilberth Siwalette', '', 'Fakultas Ekonomika dan Bisnis', 'Perpajakan', '2025', '', '', '', '', 'billysiwa39@gmail.com', '2025-11-23 13:37:16'),
(499, '122250073', 'Earlene Dewi May Maharani', '', 'Fakultas Ekonomika dan Bisnis', 'Akuntansi', '2025', '', '', '', '', 'earlenedewimaymaharani@gmail.com', '2025-11-23 13:37:16'),
(500, '121250013', 'Silvadis Sarmita', '', 'Fakultas Ekonomika dan Bisnis', 'Manajemen', '2025', '', '', '', '', 'silvadissarmita7@gamail.com', '2025-11-23 13:37:16'),
(501, '123250018', 'Helna Mulia Edis', '', 'Fakultas Ekonomika dan Bisnis', 'Perpajakan', '2025', '', '', '', '', 'helenamuliae@gmail.com', '2025-11-23 13:37:16'),
(502, '121250156', 'Jovita Bunga Afrilya', '', 'Fakultas Ekonomika dan Bisnis', 'Manajemen', '2025', '', '', '', '', 'jovitabunga51@gmail.com', '2025-11-23 13:37:16'),
(503, '121240050', 'Annisa Rahma Winanda', '', 'Fakultas Ekonomika dan Bisnis', 'Manajemen', '2024', '', '', '', '', 'annisarahmawinanda77@gmail.com', '2025-11-23 13:37:16'),
(504, '123250020', 'Gionesius Samson', '', 'Fakultas Ekonomika dan Bisnis', 'Perpajakan', '2025', '', '', '', '', 'gionisiussamsun@gmail.com', '2025-11-23 13:37:16'),
(505, '123250031', 'Filadelfia Purba', '', 'Fakultas Ekonomika dan Bisnis', 'Perpajakan', '2025', '', '', '', '', 'filadelfiapurba21@gmail.com', '2025-11-23 13:37:16'),
(506, '223250003', 'Timothy Reynata Sulistyo Putro', 'Reguler Pagi', 'Fakultas Teknik dan Informatika', 'Teknik Informatika', '2025', '', '', '', '', 'cimotcuplis2018@gmail.com', '2025-11-23 13:37:16'),
(507, '223250037', 'Arlis Daud Janes Suryanto Lase', 'TGCU', 'Fakultas Teknik dan Informatika', 'Teknik Informatika', '2025', '', '', '', '', 'arlislase730@gmail.com', '2025-11-23 13:37:16'),
(508, '521250050', 'Sintya Putri Rahayu', 'Reguler Sore', 'Fakultas Psikologi', 'Psikologi', '2025', '', '', '', '', 'sintyaputrii09@gmail.com', '2025-11-23 13:37:16'),
(509, '121250038', 'Rico Andi Avito', 'Reguler Sore', 'Fakultas Ekonomika dan Bisnis', 'Manajemen', '2025', '', '', '', '', 'ricoaavito99@gmail.com', '2025-11-23 13:37:16'),
(510, '121250099', 'Wazainul Abidin', 'Reguler Sore', 'Fakultas Ekonomika dan Bisnis', 'Manajemen', '2025', '', '', '', '', 'za570882@gmail.com', '2025-11-23 13:37:16'),
(511, '121250097', 'Gabriella Raya Natalia', 'Reguler Sore', 'Fakultas Ekonomika dan Bisnis', 'Manajemen', '2025', '', '', '', '', 'gabrielnataliaraya@gmail.com', '2025-11-23 13:37:16'),
(512, '521250075', 'Dyas Galuh Jati Ningsih', 'Reguler Sore', 'Fakultas Psikologi', 'Psikologi', '2025', '', '', '', '', 'dyasgaluhjatiningsih@gmail.com', '2025-11-23 13:37:16'),
(513, '521250019', 'Muhammad Irfan Maulana', 'Karyawan Sabtu', 'Fakultas Psikologi', 'Psikologi', '2025', '', '', '', '', 'irfanedith@gmail.com', '2025-11-23 13:37:16'),
(514, '121250096', 'Naia Aira Jingga', 'Reguler Sore', 'Fakultas Ekonomika dan Bisnis', 'Manajemen', '2025', '', '', '', '', 'jingganaiaaira@gmail.com', '2025-11-23 13:37:16'),
(515, '521250105', 'Nanda Cahya Bintang', 'Reguler Sore', 'Fakultas Psikologi', 'Psikologi', '2025', '', '', '', '', 'nandacah12@gmail.com', '2025-11-23 13:37:16'),
(516, '121250098', 'Roni Ronaldo', 'Reguler Sore', 'Fakultas Ekonomika dan Bisnis', 'Manajemen', '2025', '', '', '', '', 'ronironaldo64@gmail.com', '2025-11-23 13:37:16'),
(517, '122250040', 'Olvin Octovin Rumawi', 'Reguler Sore', 'Fakultas Ekonomika dan Bisnis', 'Akuntansi', '2025', '', '', '', '', 'olvinrumawi15@gmail.com', '2025-11-23 13:37:16'),
(519, '223230044', 'Alfiyani Tahun', 'KIP-Kuliah', 'Fakultas Teknik dan Informatika', 'Teknik Informatika', '2023', '', '', '', '', '223230044@student.unaki.ac.id', '2025-11-23 13:37:16'),
(520, '123250029', 'Rafael Nugraha', 'Reguler Pagi', 'Fakultas Ekonomika dan Bisnis', 'Perpajakan', '2025', '', '', '', '', 'sbro31249@gmail.com', '2025-11-23 13:37:16'),
(522, '223230022', 'Steven Oscar Dharmasetiana', 'KIP Kuliah', 'Fakultas Teknik dan Informatika', 'Teknik Informatika', '2023', 'Laki-laki', 'JL JAKDsjkdjasd', 'Kristen Protestan', '8492384928394', '223230022@student.unaki.ac.id', '2026-06-11 10:56:28');
COMMIT;
